MerchantServiceMappingId,EmailId,ServiceId,DiscountPercent,IsActive,CreatedTimestamp,ModifiedTimestamp
2818,sarah58@example.org,3,30.41,True,1979-04-12 05:15:25.822861,2019-01-11 17:13:00.792871
8306,tthomas@example.net,3,76.66,True,1989-03-15 06:36:30.100999,2001-02-26 18:19:03.214002
5247,michelle64@example.net,7,59.61,False,1988-08-29 23:24:03.256009,1999-09-16 20:33:59.920337
3391,emcgee@example.org,10,4.38,False,1986-01-31 15:23:17.802750,2020-10-28 02:22:22.329620
1226,coreymorgan@example.org,7,38.59,False,1972-12-01 18:02:25.081160,1996-07-14 09:27:25.559417
8962,kristinesmith@example.org,1,6.8,True,1977-05-12 15:51:51.467935,2001-05-08 02:58:56.372586
4746,kvargas@example.com,4,23.78,True,1971-03-30 18:53:28.465295,2019-07-21 08:55:50.428168
7140,fponce@example.com,3,84.02,True,1989-05-29 07:53:18.910840,2010-06-08 17:31:11.235257
4960,gregoryvictoria@example.net,4,74.44,True,2007-01-12 17:55:51.574850,2011-05-31 07:11:49.469940
5089,james34@example.com,6,38.83,False,2011-12-23 02:46:09.528782,2022-06-10 01:53:12.414786
2606,ymitchell@example.net,7,41.49,True,1989-08-25 01:11:31.464856,2018-07-13 13:03:54.401759
8041,gabriela08@example.net,8,62.48,False,1997-01-06 18:04:05.645052,2007-02-19 09:46:36.401476
3299,kyle46@example.com,6,72.51,True,2003-11-16 13:23:55.765715,2005-08-18 16:22:23.644350
4063,carlosthomas@example.org,3,19.82,True,1987-05-03 17:58:09.660861,2018-04-27 20:52:34.815054
6302,kristinesmith@example.org,10,70.58,True,1989-06-11 13:17:38.312173,1998-10-17 00:46:02.125490
9144,derrick03@example.net,1,37.64,True,2005-10-25 18:41:59.680727,2007-10-04 02:13:06.094407
7878,stanley35@example.net,1,33.7,False,2012-03-07 17:17:13.037606,2014-08-15 01:11:18.628201
8704,utorres@example.net,6,97.43,False,2004-04-25 14:32:17.449841,2007-06-14 18:55:22.949526
7263,larry86@example.net,7,11.79,True,1972-05-05 05:57:10.076088,1990-02-27 00:51:56.615656
2344,pmosley@example.org,9,70.44,True,1987-08-06 17:26:37.481116,1995-09-25 08:25:37.848393
1374,robertrivas@example.org,1,96.9,True,1979-10-08 03:21:39.401665,1996-12-06 05:05:48.107088
6691,wtaylor@example.org,1,25.29,True,2011-12-10 05:04:27.188305,2019-02-06 07:48:12.744952
8711,cheryl86@example.net,4,98.91,False,1998-12-20 15:54:20.834114,2011-03-23 23:01:53.417604
8337,sarahbell@example.com,9,29.83,False,2000-02-03 12:52:08.721985,2015-07-11 08:48:18.297349
1522,amandahampton@example.com,3,68.79,True,1975-05-13 04:09:11.241278,2008-09-18 17:57:24.030657
3926,khernandez@example.org,8,14.77,False,2013-09-06 19:59:51.271696,2021-07-09 15:08:29.560407
9545,whiteheadnicole@example.org,3,99.1,True,2014-08-13 10:12:28.507369,2019-06-18 10:58:02.881617
2071,michael15@example.org,4,2.03,False,1984-12-24 13:03:17.635916,2019-11-02 20:12:02.775434
6558,benjaminali@example.org,10,37.78,True,1970-11-13 01:25:35.443127,2000-11-04 19:00:58.030968
1894,aguilarchristina@example.org,8,12.49,False,2004-07-02 21:36:09.084534,2022-05-31 05:28:44.503032
3151,latashanelson@example.net,7,55.92,False,2023-01-12 04:26:04.795654,2023-03-08 21:49:10.163099
3357,jasonmoore@example.com,8,71.81,True,2018-12-31 20:08:18.832921,2022-05-20 16:32:47.389160
2134,james39@example.com,7,91.67,False,2019-03-19 21:09:41.474561,2023-05-07 23:46:01.705818
3937,thomas01@example.com,9,22.11,True,1983-09-27 11:32:30.033882,1987-02-09 21:05:09.093916
5913,richardsonheidi@example.org,6,78.55,False,1995-12-07 20:20:30.856488,2006-06-02 22:39:25.946754
6726,chavezchris@example.com,9,27.69,True,2015-07-29 17:32:01.272594,2018-04-30 15:54:30.179826
9504,ramseycharles@example.com,7,71.33,False,1991-01-25 00:18:09.955968,1995-07-20 07:22:45.770080
2466,hbright@example.org,2,13.51,True,1982-12-14 04:45:25.369918,1991-09-06 00:57:53.121413
2496,psmith@example.com,6,74.98,True,2014-02-16 17:28:33.103318,2020-05-02 09:46:16.437918
3584,alan71@example.org,3,78.78,True,2017-07-06 06:13:15.426319,2021-11-07 00:06:59.863693
2898,malik41@example.org,4,43.77,False,1980-04-29 02:47:09.249634,2008-05-20 19:57:25.635034
9215,braunalicia@example.net,1,85.1,True,1976-05-20 12:47:48.955826,1996-08-26 19:40:41.647351
5720,david32@example.org,5,12.11,False,1971-09-26 00:08:03.135402,1976-12-30 05:23:48.718003
9794,nguyenrobert@example.org,4,11.3,True,1975-05-20 07:23:40.629429,1997-04-05 08:23:57.289292
5397,ashley31@example.com,2,31.03,True,1970-11-09 14:07:06.642567,1988-05-29 08:13:27.585802
2603,sherry23@example.org,10,78.04,False,1997-08-03 18:09:25.171762,1999-06-18 09:03:50.093203
8405,greenethomas@example.org,10,50.72,True,1977-11-23 05:14:25.990202,1988-07-08 12:26:58.049189
1157,ajohnson@example.org,9,61.65,False,1985-01-31 00:18:44.341349,2012-05-21 09:59:37.698073
1584,larry86@example.net,6,14.67,False,2009-12-02 14:18:38.495186,2010-03-21 04:40:42.873873
2413,edwin95@example.org,7,55.0,True,2021-06-06 00:51:33.160186,2022-03-06 12:27:20.265529
4790,courtney94@example.org,4,96.57,True,1991-05-22 21:07:36.637928,1997-10-28 01:21:00.925256
3525,malonederek@example.com,4,76.61,False,2003-05-14 11:12:31.394131,2019-06-12 10:28:18.817647
8485,yrobinson@example.org,8,7.92,True,1991-08-06 00:49:15.637179,2015-02-10 09:14:03.453088
3486,luis54@example.net,7,6.68,False,2023-09-22 22:29:08.241032,2024-01-03 20:45:13.372557
2696,greenethomas@example.org,4,64.38,True,1972-12-28 03:16:29.032187,1979-01-24 17:17:22.422807
7711,grantpatrick@example.net,5,34.05,True,1983-05-11 00:50:32.180597,2012-11-21 04:02:29.009843
7820,joseturner@example.com,7,33.67,False,2006-09-29 11:26:39.505526,2023-03-24 18:20:28.894560
8556,dean14@example.net,3,71.09,True,2000-02-13 13:15:58.473873,2022-06-18 20:39:22.333069
6097,robert46@example.org,6,21.52,False,1975-04-23 23:14:30.824842,2016-01-25 21:47:06.519041
2175,bensontanya@example.com,3,46.85,True,2022-08-21 00:11:57.838709,2023-12-05 22:45:46.324315
8934,uday@example.net,7,65.42,False,2019-10-24 08:15:44.213365,2024-04-07 01:02:42.077343
7149,kyle46@example.com,7,86.12,False,2011-01-05 05:28:43.909140,2011-06-17 01:39:23.143675
9361,sandrafox@example.com,2,22.95,True,2022-06-18 02:18:18.342322,2023-12-26 14:43:08.175880
1116,william12@example.net,1,50.69,False,2023-11-21 19:15:07.568730,2023-12-06 17:02:52.312989
4946,rebecca24@example.org,6,13.35,True,2022-07-27 17:08:42.257517,2023-08-12 11:49:41.337556
8013,martintyler@example.org,2,81.55,False,1976-08-18 17:31:38.361014,2022-06-10 16:30:15.486600
8446,ljones@example.com,3,15.4,False,1987-06-19 00:27:50.510163,2018-03-22 04:15:38.580488
7250,burnsderrick@example.org,9,78.91,True,1995-01-19 14:08:33.295364,2004-07-03 10:55:46.465270
7877,davidbutler@example.net,9,68.98,False,1982-01-11 12:48:25.193735,1999-04-30 14:38:33.591043
3094,mark85@example.net,8,97.33,False,1980-05-08 02:14:42.499118,2018-10-13 03:13:20.593739
5728,swatson@example.org,10,73.28,True,1982-11-26 22:16:05.753084,2000-12-03 05:48:00.043375
3089,mwoodward@example.com,8,19.1,False,2014-09-28 15:53:25.485479,2017-10-04 13:47:55.383851
6604,shanecase@example.com,9,30.99,True,1984-08-03 05:28:59.325186,1992-06-25 22:47:49.264606
6330,aguilarchristina@example.org,10,18.19,True,1976-08-18 03:33:40.606530,2009-01-13 10:34:18.383045
6712,kristinavalentine@example.net,5,70.73,False,1990-06-06 00:47:52.990290,1999-06-02 16:14:31.637825
1351,jgarcia@example.net,6,82.99,False,2015-07-10 12:07:05.799402,2020-12-25 21:51:15.878273
6420,henry92@example.org,4,73.74,True,2020-09-03 04:54:10.925979,2022-07-19 09:04:02.927476
7072,nguyenandrea@example.org,6,95.85,True,1970-02-12 18:26:07.113211,2024-02-13 17:40:53.060805
3488,davidbush@example.org,1,51.31,False,2012-12-07 18:48:20.051982,2013-06-17 02:43:05.428144
5210,monique03@example.com,3,27.62,True,2005-02-23 21:00:13.951459,2007-12-11 17:59:48.111403
4223,matthewspencer@example.com,8,47.38,False,1972-03-31 03:09:13.995773,2003-04-06 11:20:35.930871
1434,villaandrea@example.com,6,97.61,False,2005-07-28 16:08:46.330136,2023-06-02 09:42:26.450495
5017,ljohnston@example.net,8,90.48,True,1980-10-02 18:44:26.030721,2007-05-31 22:55:09.699688
1037,jacquelinebradshaw@example.net,7,43.28,True,1992-07-21 06:43:35.044687,2023-03-06 19:34:55.916987
1698,ostrickland@example.com,7,48.62,False,1980-04-24 02:55:14.987665,2023-10-21 02:52:26.839016
8834,christine61@example.net,5,39.52,False,2016-01-08 00:17:35.125705,2017-05-05 04:24:42.584673
3947,newmanmatthew@example.org,8,24.99,True,1982-12-18 13:55:21.640618,2012-04-04 19:24:11.504193
5142,margaretelliott@example.com,6,66.4,True,2007-12-27 15:48:12.365703,2018-09-02 02:25:59.864007
4424,sheenamccall@example.org,5,44.86,True,1977-05-17 21:01:05.040526,1981-09-06 22:41:31.944521
4779,cherylcrosby@example.net,10,23.69,False,1970-08-25 17:22:44.873774,2005-10-31 18:00:32.504465
4756,sneal@example.com,7,72.1,True,1970-05-07 06:08:35.348964,2010-01-20 23:01:49.991850
9749,riveramichael@example.net,2,33.71,False,1997-05-28 21:04:21.999729,2013-06-04 12:44:50.386738
8657,alexiszavala@example.net,8,70.5,False,1970-02-07 20:30:44.072283,1990-01-18 22:23:28.728676
8364,jcurry@example.org,3,98.72,True,1982-03-26 16:15:14.902682,2007-02-16 23:28:34.759798
7316,andrew13@example.com,7,47.3,False,1982-05-19 12:54:24.582279,1985-04-18 08:46:30.575927
9127,greghardin@example.org,6,50.89,True,1980-03-06 05:46:01.209774,2020-06-06 12:12:41.616382
5980,jeffreyblack@example.org,8,99.48,False,1995-06-14 17:26:16.686056,2013-07-13 03:01:47.097788
2568,andrea93@example.net,5,5.39,False,2016-03-14 12:46:59.320260,2020-11-08 15:29:41.681052
2791,jennifer90@example.com,1,92.24,True,2014-01-05 07:04:30.858472,2017-09-27 07:09:43.203046
6390,wellslisa@example.net,2,75.89,False,1990-06-20 20:20:38.071262,2020-03-23 10:36:08.764786
2545,ybradley@example.org,3,72.64,False,1983-06-05 04:54:48.031439,1984-08-03 18:37:58.769679
3823,noah46@example.net,3,65.29,False,2022-01-02 09:17:33.066307,2023-11-05 23:51:18.098016
9727,oedwards@example.org,5,28.47,True,2005-12-09 14:25:27.485290,2016-05-05 07:23:07.495732
1563,petersonchristine@example.org,9,10.21,False,2002-03-25 11:09:29.026818,2007-09-23 22:36:52.019721
7614,rallen@example.net,3,10.19,True,1973-04-28 00:41:21.027164,2015-10-25 04:35:06.147536
2485,matthewscharles@example.net,5,97.28,True,2006-06-19 07:01:29.340068,2008-12-25 20:37:16.249782
8835,zhangbradley@example.net,2,8.41,True,1978-02-28 06:08:46.130897,2017-01-14 14:45:21.037163
2146,heidiblackwell@example.com,1,83.15,True,1989-05-07 13:23:04.844795,1993-11-06 23:08:59.970680
4123,craig74@example.com,4,55.34,True,1997-07-23 04:58:56.364973,2005-08-21 08:35:16.423311
4863,brownandrew@example.net,8,75.25,False,1974-08-26 06:53:08.139998,1995-01-03 19:46:30.327415
9159,kristen03@example.org,10,24.07,False,2010-03-27 20:35:15.391536,2012-12-22 05:55:19.711863
8903,craig74@example.com,7,41.98,False,2022-03-11 08:54:19.484881,2024-03-01 11:43:12.043718
1623,sabrinalewis@example.org,10,70.29,False,2012-06-20 13:07:20.537690,2017-01-08 00:07:44.651151
8257,michelle70@example.net,8,91.99,True,1976-11-23 09:22:39.099011,2011-04-06 22:01:14.052859
4932,qhatfield@example.com,7,42.18,True,2019-12-08 23:19:36.856696,2020-09-16 15:33:16.977713
4138,jonathanmiller@example.org,4,89.34,True,2016-06-09 15:57:27.602040,2022-03-09 20:00:03.628158
9957,obray@example.org,1,60.48,True,2023-02-11 21:00:35.296210,2023-04-09 18:28:27.569300
4774,jimenezbryan@example.net,7,89.3,False,2024-01-18 16:41:03.304915,2024-02-11 01:43:54.172119
3002,sarahbell@example.com,5,10.1,False,1973-04-03 12:42:10.398068,1988-08-23 05:41:10.790261
5468,anna98@example.com,10,39.67,True,1977-07-14 09:21:19.319244,2015-07-06 01:39:16.305514
4743,westscott@example.net,3,48.79,True,1983-11-19 20:13:19.029233,2010-08-25 12:10:11.365724
1710,olsonjeffrey@example.net,6,8.97,False,1998-12-24 04:09:55.125351,2024-04-25 06:44:08.219871
1540,zunigapatrick@example.net,8,21.21,True,2022-03-07 15:19:24.234688,2023-04-28 10:52:34.714534
7979,kathy36@example.org,6,71.54,True,1997-02-03 23:33:16.782396,1997-09-07 08:34:05.267413
1365,burkeanthony@example.net,1,52.15,True,2012-04-23 03:41:24.672735,2019-02-08 06:49:48.506534
4977,bcoffey@example.com,9,29.14,True,2007-10-11 13:24:59.638196,2008-07-13 15:43:04.957983
8516,danataylor@example.net,10,20.87,True,1993-05-25 13:08:07.361358,2003-02-07 16:02:03.655965
7838,sheenamccall@example.org,4,28.24,True,1975-10-23 11:55:19.356909,1986-02-10 04:58:53.343616
4995,sherry23@example.org,8,27.88,False,2005-11-18 08:53:50.031131,2006-12-22 19:17:34.782074
8254,kpoole@example.com,4,19.09,False,1970-02-16 17:46:08.219499,1991-07-13 20:01:45.687718
4953,walshlisa@example.net,5,6.02,True,2007-08-18 08:41:42.889948,2008-11-11 12:18:02.862210
2846,nguyenrobert@example.org,6,64.67,False,1971-10-17 02:03:53.868572,1994-08-06 22:48:10.657250
9996,mwoodward@example.com,1,34.81,False,2001-05-17 19:43:40.760411,2021-12-06 12:21:42.879251
3520,gzamora@example.org,6,17.34,False,2005-06-07 05:49:15.550460,2023-10-11 09:55:14.100078
4529,swatson@example.org,4,36.11,True,2013-01-18 22:58:57.373833,2014-01-22 00:26:14.508595
5237,scottfrank@example.net,7,50.89,True,1994-07-11 09:10:59.088383,2022-05-11 12:45:43.991780
6704,jonathanmiller@example.org,8,68.86,True,1972-02-27 09:32:10.933522,1991-09-28 14:27:09.133081
2647,william14@example.org,2,23.89,False,1973-09-25 13:07:33.621286,1988-05-11 07:08:15.528372
1288,jose89@example.com,10,20.08,True,2013-12-02 17:05:32.475640,2019-07-20 11:17:27.679079
1465,kcook@example.org,7,94.91,False,1995-07-30 15:17:15.891660,2015-08-20 02:49:30.085643
3814,margaretvalentine@example.org,2,96.91,True,1987-03-05 02:53:43.860554,1988-11-06 06:01:44.711658
9197,kristywilliams@example.org,5,2.37,True,2014-01-22 07:23:24.630625,2019-04-14 18:45:49.168196
8082,youngdaniel@example.net,3,79.91,False,2007-03-03 09:18:29.246130,2010-12-18 10:24:38.938909
7319,amy18@example.net,5,83.71,True,2017-06-03 04:59:49.442840,2019-08-18 22:57:33.980502
8114,myerslisa@example.org,1,91.85,False,2019-01-19 10:34:00.989441,2019-08-04 06:37:31.822135
1671,rebeccadyer@example.net,3,35.85,False,1979-07-13 17:19:56.782464,1981-03-28 21:28:20.321564
9974,william84@example.org,5,92.25,True,1993-09-26 17:53:25.310444,2002-11-11 11:19:05.337806
5656,johnsallison@example.com,3,7.0,True,1970-06-08 09:57:40.386755,2023-07-02 20:04:18.087766
4127,megan32@example.net,6,48.94,True,2006-06-14 03:50:04.209524,2016-02-06 16:47:19.628615
6587,dixonmichael@example.net,7,9.55,True,2017-01-01 17:00:19.594188,2024-01-24 03:54:00.982341
2178,ocarlson@example.com,6,16.69,True,2020-11-13 10:23:54.796834,2023-03-20 19:15:16.734389
7971,bridgestanya@example.net,10,20.1,True,2016-10-21 21:05:39.781571,2021-11-30 12:31:33.014772
4354,brownandrew@example.net,4,65.24,True,1987-08-15 01:26:55.303517,2011-10-07 17:24:53.569151
9988,ethan07@example.com,3,97.9,True,1970-05-10 16:35:20.198365,1987-07-31 11:08:38.132687
8146,andreastanley@example.com,2,11.32,True,2005-10-21 21:53:09.003524,2021-11-03 20:43:25.040758
6371,kristywilliams@example.org,1,11.61,False,1993-05-01 09:24:03.697419,1998-10-23 02:41:21.259658
3798,sharonsmith@example.net,7,71.51,True,2004-08-15 04:23:14.958697,2021-08-11 03:09:47.562357
4262,greenemichelle@example.net,1,83.37,True,1975-01-08 05:20:28.849500,1987-01-20 07:09:25.961629
2400,xvance@example.net,7,1.45,False,1991-02-09 11:40:10.404366,2022-04-14 12:15:46.644776
8205,matthew55@example.org,6,3.31,False,1970-10-27 15:03:40.284944,2019-05-31 07:39:40.106733
3031,powellmark@example.org,7,78.25,False,2012-12-31 07:44:57.672667,2019-11-29 08:49:29.199068
8839,johnlopez@example.com,1,46.36,False,1984-03-13 09:59:42.560746,1984-09-18 04:53:12.997303
2929,brian25@example.org,3,86.48,False,1992-06-29 07:12:41.533025,1993-11-13 16:30:37.786485
2810,tammy97@example.com,8,20.14,True,2016-09-14 20:16:02.228154,2023-09-04 21:27:49.211077
1171,jerome09@example.org,5,95.28,True,1972-11-10 09:37:48.809948,2008-12-03 21:07:12.546565
5706,damonruiz@example.org,4,61.78,True,1981-12-21 08:52:15.210073,2016-03-19 11:40:12.196193
1723,sarah58@example.org,9,26.47,True,1972-11-03 02:06:42.095103,2017-05-21 13:09:27.167878
4549,anewman@example.org,10,61.19,True,2009-04-03 08:22:15.914848,2013-04-01 17:24:57.938785
3236,stephenbrown@example.net,5,62.96,False,2019-04-21 07:00:40.159929,2020-11-23 19:55:25.446210
8553,williamskeith@example.com,8,12.59,True,2001-09-01 12:42:48.002987,2016-12-12 23:30:56.969681
4877,jose89@example.com,8,27.32,True,1973-04-26 14:46:56.672125,1982-06-16 00:52:16.023866
9190,murphynicholas@example.net,8,25.44,False,1996-05-18 21:56:58.009651,2004-12-24 17:30:36.278227
8995,ypoole@example.com,3,35.8,True,1984-05-05 09:09:28.086056,2022-07-05 03:17:30.192611
4149,beckashley@example.net,10,9.31,False,1994-03-26 02:10:57.888939,2015-03-15 20:00:07.390910
4655,gjones@example.com,3,30.76,False,2003-05-01 03:07:24.624310,2007-11-14 14:11:27.753158
1647,william12@example.net,1,70.36,True,2020-01-21 08:35:10.017277,2020-12-14 04:26:07.679610
5889,christine67@example.com,3,77.58,True,1980-03-31 17:26:31.558718,2017-04-30 11:44:21.630172
5106,allenfrye@example.org,10,71.8,True,2023-09-28 15:02:31.832204,2023-11-03 16:07:06.675697
2455,jacquelineharrison@example.net,7,53.06,False,1997-05-12 10:14:53.224375,2007-03-17 19:02:47.730956
2398,russomatthew@example.org,4,67.9,False,1975-09-10 15:44:01.899387,2008-09-02 07:44:59.243226
3750,kbernard@example.net,2,89.33,True,2007-10-28 09:56:51.211260,2018-07-26 20:20:48.447062
9564,adrian77@example.net,8,74.7,True,2009-03-16 12:49:03.295625,2022-08-08 16:06:26.837255
4580,herreraaaron@example.org,3,96.76,False,2008-11-02 22:46:03.552134,2011-01-24 13:20:08.829243
3000,angela67@example.com,3,89.57,False,2018-02-24 15:59:35.676830,2019-09-25 15:01:08.049397
3107,cardenaspaul@example.com,6,49.5,False,2022-01-10 06:23:29.576345,2024-02-04 10:16:54.927852
1012,stephenscarrie@example.com,2,17.39,False,1992-03-31 23:59:57.146623,2020-06-06 03:17:28.576308
5859,ronaldbrown@example.org,6,81.65,True,1973-05-24 07:56:26.275750,1985-04-06 07:26:39.046913
4140,david32@example.org,10,22.06,False,2014-06-27 03:21:20.557602,2022-05-11 06:59:40.152988
4811,vperkins@example.org,5,57.92,True,1998-03-21 09:28:44.934448,2014-08-26 12:43:38.073596
1481,mjohnson@example.org,7,52.22,False,1980-07-15 19:23:38.237626,1999-09-15 07:35:22.273822
7920,victoria42@example.com,9,62.96,True,1995-07-01 09:19:54.167402,2015-03-20 13:05:15.811845
1694,bfrancis@example.net,1,78.48,True,2022-02-18 00:13:01.542527,2022-05-15 20:34:50.269987
9580,wilsonalexander@example.org,5,62.88,True,2010-12-02 01:03:45.888332,2022-08-02 12:15:17.380402
9699,ybradley@example.org,7,87.53,True,2005-05-20 17:05:52.589030,2017-07-30 08:25:06.386385
5503,alexander55@example.org,5,45.51,False,1981-12-12 16:12:56.159896,1986-05-20 12:34:27.303306
7035,shanecase@example.com,6,64.98,True,2017-07-21 12:38:46.503300,2018-07-22 08:08:54.744014
3383,grantpatrick@example.net,9,50.35,False,1972-07-04 22:15:15.606623,2011-06-18 19:20:51.272731
6874,michael15@example.org,6,91.99,True,2015-06-15 14:01:21.282610,2020-12-09 20:39:07.122744
3129,davidbutler@example.net,9,2.7,True,1976-06-15 18:56:14.077994,1996-03-23 07:15:57.788664
7435,coxtimothy@example.com,7,89.76,True,1992-08-19 04:36:09.467160,2000-12-16 09:01:57.059689
3993,obriggs@example.org,5,72.77,True,1972-01-01 04:42:19.470204,1993-11-19 03:29:06.009275
9513,bhernandez@example.com,10,29.6,True,2014-10-31 02:45:33.751470,2022-02-25 01:09:35.078489
1456,aguilaremily@example.net,3,8.58,True,2008-09-11 17:42:19.824890,2008-10-01 19:05:18.599580
6830,awinters@example.org,3,47.4,True,2013-12-15 18:29:54.555876,2018-07-02 11:30:52.528746
3188,jamie62@example.com,5,69.18,False,2020-09-26 09:54:47.378577,2021-07-25 09:14:24.042620
2648,anna90@example.net,8,13.94,True,1975-08-21 08:06:51.534363,1981-10-01 00:17:01.123790
1306,lwashington@example.net,9,45.83,True,2008-10-28 13:47:09.476514,2010-04-19 17:49:57.322540
2034,ramseycharles@example.com,8,35.95,False,2003-05-07 17:56:32.493850,2004-10-14 19:13:33.208937
2233,cherylcrosby@example.net,4,82.77,False,2020-04-13 12:15:03.062913,2022-12-14 22:14:19.916389
5715,dduncan@example.net,10,82.11,False,2014-07-20 13:44:13.945875,2020-03-12 04:40:37.399165
7154,chavezchris@example.com,5,34.47,True,2011-03-11 23:49:03.562544,2021-09-26 16:44:33.069196
5914,burkeanthony@example.net,10,48.78,True,1999-01-18 11:47:06.434099,2015-04-27 04:38:26.230802
3050,catherine33@example.com,1,40.66,False,1979-05-11 00:07:59.291146,1995-05-16 06:59:33.973991
8663,monicataylor@example.org,8,85.36,False,1988-10-06 18:50:51.690013,2012-08-28 04:01:50.529749
2108,michaelbradley@example.org,1,81.16,True,2003-11-04 14:40:46.759008,2004-10-18 13:37:45.424020
6086,riossheri@example.org,2,70.45,True,1986-06-07 05:19:47.235084,2006-10-17 08:44:52.396947
4485,dominique29@example.com,6,75.5,True,2019-07-11 00:19:15.384097,2024-01-06 22:14:01.673922
5242,andersondeborah@example.org,4,85.62,True,2002-03-27 01:30:10.792867,2024-01-01 14:26:02.635000
1936,phillipstroy@example.org,8,94.13,True,2018-05-03 11:02:15.339767,2022-08-23 18:33:28.545879
4311,noah46@example.net,9,67.65,True,1974-05-20 18:22:18.696916,1984-10-11 02:47:03.152769
2997,elynch@example.org,8,45.46,False,1983-01-01 01:09:51.666963,2013-08-16 19:28:27.173709
3163,herreraaaron@example.org,7,23.73,True,1986-12-07 06:37:04.513086,2001-02-06 02:24:41.983498
7550,michaelrojas@example.org,9,17.1,True,2008-08-17 01:06:24.039319,2017-10-02 23:03:23.692829
2546,raywayne@example.com,4,90.72,True,1987-06-14 03:30:07.902914,2018-06-09 09:09:22.503727
1983,criley@example.org,3,77.11,True,1986-11-28 11:16:38.270784,2003-02-17 23:36:00.701009
7655,padillachristopher@example.net,7,28.98,True,1990-11-04 23:46:11.678111,1998-01-28 15:33:50.622850
2731,allendelacruz@example.net,7,72.61,False,2010-10-17 18:41:18.522786,2023-01-08 05:08:53.711168
6729,wellsmark@example.org,8,56.35,False,1974-02-09 04:51:16.893448,2024-03-07 07:25:02.141324
4129,melissa83@example.net,7,57.87,False,2017-06-24 19:06:57.282263,2024-02-11 17:53:51.753466
7422,aharris@example.com,8,16.35,True,1988-04-24 04:42:27.037422,2001-11-04 21:31:59.189765
9985,jonathon91@example.org,10,87.36,True,1971-03-10 07:31:39.026446,1982-09-24 15:50:08.285105
6021,nathan72@example.org,7,37.75,False,1983-07-21 20:21:56.566591,1988-04-17 03:21:44.326451
1452,alyssaedwards@example.net,6,32.23,True,1983-02-12 18:39:55.899223,1998-12-12 02:49:59.090194
2969,brownsherry@example.com,8,40.47,True,1976-08-08 02:48:20.689391,2010-06-18 21:57:34.288387
5965,graycarla@example.org,8,98.44,False,2002-03-15 18:44:23.227667,2021-10-05 02:49:01.900897
5316,greenethomas@example.org,10,40.04,False,2000-08-03 11:02:14.221264,2021-04-01 12:29:43.248002
8719,jeffreybailey@example.net,4,59.31,True,1976-01-20 12:29:48.492653,2020-08-18 03:00:40.941640
2828,shane31@example.org,6,48.78,True,1974-02-13 01:59:47.892940,2009-05-11 00:23:50.633088
3159,kayleewhite@example.org,8,7.53,True,1998-08-11 21:56:22.504557,2001-11-07 14:37:34.361543
2491,adam40@example.org,4,21.96,False,1971-12-01 21:04:26.243886,1972-11-20 15:39:56.877522
8054,kyle46@example.com,10,96.01,False,1995-12-08 12:38:50.712301,2022-10-29 16:31:28.446023
8947,burnschristie@example.com,10,68.64,False,1972-03-03 10:32:48.126989,2017-07-30 19:12:43.643400
2184,jerome09@example.org,5,8.52,False,1981-02-22 20:04:22.753018,2001-04-25 22:03:32.783525
5471,david43@example.org,3,91.71,False,2013-02-22 05:37:06.369912,2019-12-30 15:37:37.692474
8074,lindsayvalenzuela@example.net,9,14.7,False,1971-05-09 22:11:07.341053,1978-04-25 11:31:05.426090
2016,mjohnson@example.org,10,54.57,True,1997-06-14 04:17:21.638442,2023-07-08 00:37:18.047408
4228,abigailwoodard@example.net,5,78.14,False,2024-01-21 14:49:28.542493,2024-04-12 20:57:41.440066
1007,colemandaniel@example.net,7,90.63,False,2003-03-18 00:16:01.816278,2011-12-07 06:34:54.025260
3456,bcarter@example.org,3,73.74,True,2018-01-27 11:23:04.799044,2018-10-14 20:37:50.789763
6529,ymendez@example.net,5,99.89,False,1979-09-14 06:52:59.307803,2015-07-27 06:35:52.246135
5753,gibsonadriana@example.com,10,70.62,False,2009-04-22 16:30:15.935249,2024-01-26 09:03:08.904902
5549,delgadohunter@example.net,9,71.41,True,1981-03-24 08:33:06.164406,2011-02-10 01:15:15.360662
1519,matthewramirez@example.net,2,26.0,True,2009-07-08 14:35:32.869906,2010-05-26 04:35:53.710920
8794,kimberly63@example.org,4,3.43,False,2018-06-28 16:46:28.439742,2022-04-08 22:27:11.004987
7985,sherry23@example.org,3,78.57,False,1999-09-20 13:01:20.619503,2006-01-22 18:32:09.864726
1857,nicole47@example.net,7,2.59,False,1994-01-09 13:15:48.265927,1998-08-24 06:04:59.473008
9531,bhart@example.com,2,28.96,False,2021-08-15 18:15:32.964922,2024-04-21 12:40:36.142727
4533,robert69@example.net,4,32.22,False,2010-07-21 07:08:01.679006,2022-08-23 07:34:57.699200
9274,dean14@example.net,10,99.8,True,1981-05-25 18:46:40.208027,1996-08-13 07:05:17.872885
9419,wilsonblake@example.org,8,64.54,False,2023-05-21 22:50:01.064674,2023-11-28 14:38:36.706009
4492,stephenbrown@example.net,8,68.38,True,2001-11-19 07:12:34.513340,2021-01-10 09:44:35.983668
9661,samantha13@example.com,1,20.66,True,1979-07-12 15:44:31.082167,1980-08-21 18:38:40.512173
7366,alyssamacdonald@example.net,7,63.13,False,2022-12-10 05:59:45.252229,2024-01-12 23:37:45.201958
1400,sjohnson@example.com,10,25.11,False,1988-09-10 09:20:36.224162,2014-01-24 02:34:39.058931
1953,whunter@example.net,8,89.09,False,2006-09-23 09:29:40.852162,2010-09-19 08:32:13.685998
5116,psingh@example.org,5,90.17,False,1990-11-11 05:40:49.916345,2010-11-25 02:45:05.599673
3020,hwoods@example.org,10,48.35,False,1972-09-01 03:23:10.621579,2000-04-28 23:14:40.858478
4752,jdelgado@example.org,3,64.38,False,1970-08-04 14:19:19.459057,1990-06-09 21:39:55.656015
7165,benjaminali@example.org,2,83.26,False,1994-03-25 16:48:05.079910,2011-09-15 03:08:58.442578
9550,swatson@example.org,2,45.43,False,1998-04-28 21:30:56.850863,2011-09-09 12:36:12.169926
6039,xvance@example.net,6,27.2,True,2002-04-23 16:55:17.738975,2010-07-14 00:51:33.790954
1308,russobrian@example.net,3,17.44,True,1980-02-17 08:08:30.499371,2023-03-22 21:23:49.090923
4532,obray@example.org,5,69.82,False,1980-02-10 05:32:00.835848,1990-12-30 23:15:18.745812
5016,meyerkatrina@example.com,7,71.28,True,2019-07-16 02:02:41.071522,2020-05-25 18:11:51.057855
4694,owenmichelle@example.com,5,11.14,True,2014-03-29 10:58:23.548048,2021-09-30 21:26:44.048124
8368,allisonwilliams@example.org,5,41.24,False,1971-01-05 18:47:12.694150,2018-09-14 12:45:53.235735
2612,robert33@example.com,10,28.36,False,2020-04-05 09:46:31.422317,2024-01-22 14:01:35.883608
7962,jonathan31@example.com,8,57.88,False,1980-07-06 00:10:50.910876,1986-12-10 07:47:31.624448
2073,mariemoore@example.net,7,50.14,False,2017-07-14 18:26:17.474154,2020-03-10 02:22:06.544843
8795,sarah58@example.org,9,41.78,True,2020-12-25 16:59:26.328077,2023-06-09 10:26:15.726799
1160,richardschad@example.com,10,5.03,False,2004-10-16 01:46:30.081555,2022-10-06 10:48:34.323357
6612,ehardy@example.org,7,6.01,False,2009-06-28 17:24:23.667959,2012-01-24 18:16:51.286758
7024,kenneth45@example.org,5,22.72,False,2004-06-10 00:12:49.855964,2023-07-21 17:28:16.587160
9995,edwardmullen@example.net,6,88.46,False,1975-03-29 20:06:04.465981,2008-01-02 23:44:21.134740
3544,robert33@example.com,8,61.3,False,2003-07-30 19:32:21.514489,2018-09-09 18:40:17.492464
4668,fclark@example.net,2,63.39,False,1981-10-30 23:53:36.523470,2008-11-30 18:48:33.284254
1739,downsjesus@example.org,1,83.87,False,1979-12-22 15:11:31.539175,2012-04-25 12:01:51.650305
9762,martinstephen@example.org,7,25.36,False,2000-08-28 15:11:03.330801,2023-04-01 01:46:47.957361
2774,christopherharper@example.net,3,37.79,False,1985-06-07 04:16:30.093897,1990-02-27 05:05:43.678533
7365,zhangbradley@example.net,7,41.56,True,1994-11-09 12:03:57.415131,2016-09-04 07:27:07.112474
5915,ocarlson@example.com,8,55.6,False,1995-02-27 07:58:40.274607,2007-12-01 17:06:12.024631
7498,whunter@example.net,8,65.1,True,1979-12-15 13:42:10.698579,1983-12-28 22:45:25.726883
8908,ymendez@example.net,9,77.87,False,2011-03-05 14:34:27.067697,2011-08-19 09:48:36.322260
7003,josephmartinez@example.com,9,80.99,False,2014-05-31 03:12:26.923036,2014-11-18 03:29:34.767260
1659,walshlisa@example.net,2,83.91,False,1984-03-23 11:55:15.181795,2012-08-13 14:09:09.671878
5786,rfowler@example.net,10,27.53,False,2017-11-08 00:35:22.770988,2017-11-25 07:02:49.878402
2428,fclark@example.net,5,29.78,False,2013-09-06 19:38:21.196598,2017-09-10 20:14:32.081881
5733,psingh@example.org,3,6.9,True,1971-05-02 16:35:06.181814,2022-02-16 12:00:30.806616
3382,steven01@example.net,10,28.61,True,2005-01-06 20:26:36.280894,2013-05-14 21:12:03.456859
8705,jennifer49@example.net,6,4.65,False,2019-09-18 11:19:02.792227,2021-07-05 09:54:52.034614
2676,hdavis@example.net,3,84.7,True,1976-09-29 12:48:31.406914,2012-05-22 16:50:05.089340
5146,fknapp@example.net,8,69.19,True,2002-02-18 18:03:49.199404,2019-05-13 10:44:56.860503
2911,wrightjesse@example.com,5,24.77,False,1993-12-15 18:09:03.991940,2022-06-30 16:55:42.658248
5976,kelseymorris@example.net,3,93.08,False,1990-04-15 17:21:06.450157,2020-02-20 10:16:22.361178
1534,jboyer@example.com,3,22.35,False,2002-02-17 03:48:07.837585,2017-04-28 00:40:07.115036
8994,jenniferduarte@example.net,1,96.94,True,2009-08-05 14:37:50.269264,2014-02-03 07:59:06.087906
6339,pedro60@example.org,3,91.16,True,2002-07-06 11:45:05.455640,2015-11-20 17:25:07.829701
1426,zacharysullivan@example.com,1,84.2,True,2014-05-29 21:23:37.369445,2016-03-15 07:07:25.026305
7468,ramosdanielle@example.org,2,26.79,False,1997-05-08 22:48:46.407798,2008-01-14 10:59:37.342193
4845,thompsonaaron@example.com,1,97.38,True,1997-11-22 21:04:02.465880,2013-04-19 09:26:28.520242
2336,grayedward@example.org,2,93.71,False,1992-11-14 06:32:29.070847,2013-09-22 16:22:51.757382
9708,tbrown@example.net,2,14.98,True,1973-09-28 18:59:39.850327,1980-12-06 18:06:09.882782
5615,hbarry@example.org,4,8.76,True,2001-02-20 00:26:17.775807,2015-04-30 21:14:34.787681
7870,kenneth15@example.net,7,41.87,True,2000-03-22 05:31:47.219944,2023-10-28 18:11:22.470231
3810,ramirezvalerie@example.com,8,17.2,False,1995-12-25 16:58:21.178476,2009-09-21 04:46:24.058064
2592,petersonchristine@example.org,3,53.18,False,1997-08-19 14:18:45.466214,2004-02-22 12:46:33.137462
7059,gclark@example.org,8,57.7,True,1989-10-14 07:35:50.205682,2020-04-06 04:04:08.223891
5200,james34@example.com,3,66.84,False,1987-02-25 17:28:36.334513,2011-11-07 22:48:28.156985
2223,blam@example.org,4,40.23,False,2016-09-16 15:48:49.077968,2022-12-24 15:45:44.642322
9309,alexandermills@example.com,4,94.78,True,2009-10-09 03:27:46.424125,2023-08-25 08:31:29.117104
7215,nathanwilson@example.net,8,61.88,True,1983-11-23 05:13:30.797420,1994-10-18 11:06:55.488074
2509,stephaniewright@example.com,4,84.15,True,2021-12-20 13:46:10.193915,2022-10-13 11:51:56.503554
7053,cindy68@example.org,4,86.18,True,2024-04-26 16:47:23.688506,2024-04-27 02:57:46.730505
3694,thomasjames@example.net,5,59.01,False,2008-06-30 20:51:12.764946,2018-07-06 08:45:45.995571
8857,xcontreras@example.com,3,28.57,True,1983-02-12 22:53:53.233855,2009-07-06 11:21:13.614772
2450,vanggregory@example.net,8,92.94,True,1970-11-29 03:17:41.768960,1985-07-07 15:23:23.400479
3037,qwells@example.com,7,99.95,False,1982-12-20 00:35:38.046908,1984-02-23 20:39:53.754122
9175,teresamayer@example.net,10,14.73,False,1979-05-01 08:48:40.522054,2007-08-25 14:42:46.674655
6695,brookslaura@example.net,9,3.6,True,2005-05-17 20:11:27.124023,2023-06-29 09:05:43.850070
9912,michelle70@example.net,1,95.68,False,1998-07-31 11:30:16.293398,2001-06-10 14:13:29.466238
2341,angela70@example.com,7,31.45,True,2015-10-16 21:29:30.050407,2021-05-03 11:32:38.840964
4945,coreymorgan@example.org,10,81.61,True,1994-01-29 22:08:00.750664,2016-11-27 00:12:10.746025
1026,bobbyknight@example.com,2,74.79,False,2018-04-11 01:05:20.403049,2019-05-15 22:06:33.992177
5999,sneal@example.com,5,27.56,True,2001-06-25 23:17:19.363593,2005-02-25 00:45:00.204658
4065,brownsherry@example.com,4,68.98,False,1976-07-30 15:36:33.330008,2000-02-13 12:05:42.997120
2623,charles54@example.net,2,33.51,False,1979-08-11 16:30:21.820323,2000-06-05 03:18:24.094241
8162,kcook@example.org,1,29.29,True,1986-06-26 13:15:02.842670,1997-03-31 21:23:41.024385
9476,fknapp@example.net,5,66.08,True,1998-02-25 09:09:34.349829,1999-03-01 05:21:41.343474
4403,lindakerr@example.org,4,90.01,True,1976-04-14 09:54:22.810397,2002-05-12 16:26:31.819742
5347,ylarson@example.com,8,2.61,False,1978-10-27 13:49:37.103957,2020-04-04 16:49:17.210372
2690,cherylcrosby@example.net,1,71.12,False,2002-05-11 17:29:22.482901,2023-03-24 07:21:13.482470
9248,danielkim@example.net,6,12.2,False,1979-07-31 06:53:13.403279,2001-05-17 07:16:16.548770
8537,heatherpalmer@example.net,10,83.75,False,2014-01-12 00:55:14.540197,2023-07-30 12:42:30.264262
3702,abigailberger@example.com,8,78.9,False,1991-07-27 11:00:40.523312,2017-05-21 21:49:59.656464
9192,lwelch@example.com,1,66.2,False,1980-01-26 21:19:33.275138,2018-01-03 20:44:21.976340
1206,jonesgregory@example.org,2,4.41,True,1983-05-11 20:40:34.485291,1995-05-20 04:21:54.941343
5078,zacharysullivan@example.com,1,43.33,True,1991-03-12 01:43:14.531177,2012-03-23 07:28:50.807884
7965,samantha13@example.com,2,72.0,False,2012-11-24 02:57:29.370622,2019-04-24 08:54:06.476163
5024,dominique29@example.com,9,51.68,False,2010-08-31 07:12:04.224800,2016-10-22 06:32:13.972495
8819,katherine22@example.com,7,16.07,False,2021-05-08 10:57:50.006005,2022-02-04 10:45:38.663781
9253,dwilliams@example.org,6,69.2,True,1970-11-02 22:37:58.825199,2018-12-23 04:11:28.005059
4392,latashanelson@example.net,8,96.37,False,1971-02-02 11:08:53.795277,1987-06-26 08:19:31.720077
4171,graycarla@example.org,1,3.39,False,2007-11-11 14:19:26.490066,2013-04-05 16:16:32.841967
5398,herrerakathleen@example.com,2,7.01,True,1974-07-21 20:44:06.451807,1999-04-24 05:53:43.986300
3657,colonluis@example.net,7,98.8,False,1993-09-25 19:26:17.505374,2019-11-10 19:33:54.941899
9210,steven01@example.net,5,59.49,False,1978-03-06 14:07:35.529362,2008-09-21 07:34:11.204903
8434,kenneth45@example.org,1,70.61,True,2017-07-06 23:04:29.780147,2019-09-30 19:54:51.205368
6510,herreraaaron@example.org,9,23.92,False,2011-02-21 06:25:28.241151,2018-12-12 08:19:12.280712
7308,robertrivas@example.org,7,50.56,True,2024-04-16 03:15:19.806139,2024-04-24 12:45:17.893919
8621,mmarshall@example.org,1,75.49,False,2014-03-23 03:44:11.175503,2019-10-01 14:18:28.524859
5748,gregoryvictoria@example.net,5,30.0,True,1987-07-14 16:48:05.310158,2006-04-17 09:03:38.440527
1691,ethan07@example.com,7,32.46,True,1984-10-06 08:07:35.628667,1998-12-24 10:43:12.125975
1662,xchristian@example.com,5,65.93,False,2000-03-13 15:17:11.542705,2001-07-27 05:48:37.607070
7750,qhatfield@example.com,8,74.86,False,2014-08-01 06:47:25.045291,2021-07-27 07:36:05.092529
9946,johnsoncourtney@example.org,6,39.99,False,2003-07-03 19:52:08.476667,2005-09-04 04:22:54.741746
1636,delgadohunter@example.net,9,22.57,True,1976-04-06 17:22:38.746252,1993-10-20 21:15:42.743950
6722,kweber@example.org,5,91.13,True,2020-03-13 03:37:34.815752,2020-12-25 17:39:15.425617
6597,fknapp@example.net,4,62.46,False,1994-07-15 13:04:50.752119,2011-08-10 09:22:15.562352
5622,michael01@example.com,1,93.13,True,1973-12-10 18:55:41.329557,1993-10-28 08:33:50.657597
5821,laurie28@example.org,5,23.41,False,1981-07-08 11:09:49.422177,1996-03-06 22:03:28.360510
6473,timothyromero@example.com,2,91.84,True,2012-08-24 22:59:14.714334,2014-08-15 20:10:15.487721
9290,andrew71@example.org,2,83.93,True,1974-07-05 19:13:35.757848,2023-03-20 10:12:30.064849
9507,derrick03@example.net,3,66.53,False,2003-07-20 06:51:01.620924,2010-12-31 19:09:28.590341
9577,millermaria@example.net,4,59.81,False,1994-05-03 09:32:04.823762,2020-02-09 19:27:02.316432
4819,tbryant@example.com,1,27.06,False,2013-08-10 05:50:49.383458,2015-07-23 02:06:50.657057
6108,michelle70@example.net,10,4.43,False,1972-05-13 20:39:19.490296,1985-06-20 03:48:51.253870
3767,tommy80@example.net,9,36.5,False,1993-07-08 05:04:17.257172,2013-11-14 01:36:34.220886
1699,sean62@example.org,1,18.06,True,1970-01-08 15:27:55.293022,1976-04-29 03:39:07.234696
8193,coxtimothy@example.com,9,21.46,False,2018-11-07 09:11:00.300310,2023-03-04 12:54:31.366832
1358,molly60@example.net,5,31.05,True,1994-11-05 00:32:58.509154,2000-03-30 01:17:00.620001
3641,migueldavis@example.org,7,51.72,True,1986-12-11 21:40:05.891286,2001-08-07 06:14:23.636531
5044,vhunt@example.org,1,48.89,True,2009-11-21 09:02:39.193647,2019-11-01 05:12:54.193449
4040,brookesolis@example.org,5,9.31,False,1989-09-14 18:59:48.980892,2016-02-29 05:24:13.945905
9022,manuelcohen@example.org,1,22.81,False,1994-01-10 13:29:46.122136,2014-04-20 03:43:31.772735
9072,melissa83@example.net,5,98.02,False,1975-02-18 08:56:55.328091,2020-04-12 17:45:20.669596
9562,jrobinson@example.org,3,25.9,True,2014-07-06 19:27:58.040142,2022-08-24 01:36:57.180548
7782,bridgestanya@example.net,6,0.04,True,2023-11-22 22:44:16.265660,2023-12-11 09:03:09.224745
1693,mcdanieljason@example.net,5,13.9,True,1983-08-17 01:22:04.506723,1997-02-07 03:06:32.409219
6705,ylarson@example.com,7,0.49,False,1998-04-03 03:08:28.220305,1999-02-14 05:31:20.663229
7456,lisa06@example.org,9,18.18,False,2004-05-18 02:52:36.321958,2010-07-16 06:57:20.804717
3183,fknapp@example.net,3,63.2,True,2011-12-04 12:35:57.994742,2021-03-22 18:00:28.346725
8501,roblesronald@example.net,5,12.31,True,1979-11-03 08:49:01.379897,1987-01-27 04:09:11.905637
4999,cindy68@example.org,8,36.6,True,2004-12-04 18:55:27.573647,2019-06-16 11:47:24.123736
8071,russobrian@example.net,7,34.94,False,2013-10-11 05:05:15.358254,2020-06-18 04:14:09.888056
2756,laurie28@example.org,10,51.18,True,1984-09-03 09:29:26.486440,1995-11-13 00:22:35.935079
9004,cynthia50@example.com,5,15.8,True,1989-08-31 08:49:37.212698,2004-04-23 15:17:17.867577
5867,brios@example.com,5,52.44,True,2016-09-26 06:38:38.561899,2023-12-29 04:03:17.529980
1738,myerslisa@example.org,1,32.27,True,1988-06-08 16:11:19.871232,1989-03-26 20:15:07.694963
9193,jonesann@example.org,9,99.78,True,1998-12-27 13:54:49.352373,2005-02-26 19:03:40.835562
2867,danielmartinez@example.com,2,41.2,True,1971-09-30 14:39:44.093229,1993-07-01 03:01:31.644864
5638,herrerakathleen@example.com,1,40.23,True,1974-07-07 18:56:19.219002,2023-02-12 15:09:31.548642
8658,sean62@example.org,7,81.79,True,2013-04-21 10:52:33.628048,2015-09-08 04:22:56.769844
7880,bridgestanya@example.net,10,44.32,True,1977-09-15 20:20:26.845018,1998-11-08 20:20:37.437542
2698,michaelcruz@example.net,5,7.92,False,1976-03-17 08:32:38.402617,1977-08-24 08:14:31.416582
8888,ylarson@example.com,10,4.77,False,2023-11-30 06:55:41.664831,2024-02-06 04:43:15.529606
4784,harmonkaren@example.net,5,81.76,False,1980-09-22 13:30:24.035161,2017-08-17 01:25:30.913357
8387,tinakaufman@example.org,3,12.36,False,2004-09-18 20:30:16.755932,2008-07-28 17:11:07.860352
1750,nathaniel53@example.com,6,17.91,False,2001-10-31 11:48:36.697098,2022-01-01 00:13:06.753577
5828,ymitchell@example.net,6,83.74,True,1977-12-17 10:23:31.492761,2001-10-26 05:23:04.511909
8404,angelamurillo@example.org,4,3.99,True,1993-03-26 06:26:47.881106,2022-06-05 15:03:29.225180
7254,mweiss@example.net,9,57.73,False,2023-02-11 16:24:57.690789,2024-04-03 15:40:09.701342
1408,nathanwilson@example.net,9,65.93,False,1976-05-29 22:50:14.409935,2008-06-07 10:41:23.749261
5808,william84@example.org,6,78.45,True,1991-05-23 07:26:42.594209,2019-07-31 14:08:14.454667
9700,jasonlane@example.net,4,73.2,True,1977-11-18 22:30:26.121258,1987-05-05 09:10:03.692383
4538,nancy31@example.net,3,11.0,True,1989-02-15 07:16:42.301195,2013-05-13 12:25:38.597904
7730,justin62@example.net,4,79.95,False,1996-09-23 23:54:56.829336,2017-03-02 11:51:46.499340
9174,stoutmary@example.org,2,59.08,False,1981-04-16 15:04:20.388166,2013-08-05 07:05:36.154037
3622,rlewis@example.org,10,20.18,False,1995-09-18 04:57:58.294157,2002-08-06 04:43:50.353014
5388,amyrogers@example.org,5,92.84,True,1973-03-05 18:00:21.427164,2009-02-28 11:05:42.537216
7483,tayloranthony@example.net,8,42.08,False,2006-08-23 20:17:45.030063,2014-06-05 18:17:34.111584
7864,stephaniemartin@example.net,4,64.48,False,2006-07-14 16:41:11.326469,2009-08-31 04:05:11.674253
5077,heatherpalmer@example.net,5,3.83,False,2015-10-25 05:47:23.140497,2022-05-26 22:26:30.955196
8064,millerjennifer@example.com,8,58.24,True,1983-03-31 22:08:55.009416,2011-12-11 06:47:20.954502
2718,xchristian@example.com,8,72.57,True,2003-05-02 06:57:52.702007,2023-09-30 03:42:40.917392
9515,kenneth45@example.org,8,93.04,False,1996-07-13 02:23:58.732482,2013-07-12 09:15:30.668400
1882,russomatthew@example.org,5,58.12,False,1993-11-25 20:42:23.704165,2019-12-06 13:37:48.306809
3797,cardenaspaul@example.com,2,69.58,True,2022-02-10 05:59:21.814013,2023-01-01 19:29:04.068614
2688,tammy10@example.net,5,32.96,False,1974-12-27 02:55:36.963046,1980-12-22 12:18:32.089579
4398,kimbishop@example.org,1,21.94,True,1981-05-17 13:20:03.835689,2009-02-06 05:55:20.507418
4474,angela70@example.com,9,52.28,False,1996-05-07 17:31:52.709832,2002-02-17 09:46:08.086161
8732,lisadudley@example.com,10,45.23,True,1995-07-03 14:20:39.875981,1996-08-10 01:22:44.725265
3406,andreastanley@example.com,1,22.6,False,1980-05-08 14:56:17.276606,2018-11-09 09:33:28.973291
2365,davidbutler@example.net,6,82.35,False,1993-05-19 09:11:29.690934,2007-04-01 18:48:00.206110
5079,ghoffman@example.com,3,79.79,True,1982-05-15 20:19:43.700543,2021-05-17 23:53:33.336148
9226,kimberlysherman@example.net,10,79.07,True,2010-07-08 21:45:29.500886,2010-11-19 07:54:51.446673
8346,xcontreras@example.com,10,79.63,True,1977-10-23 02:51:05.309122,2008-10-07 23:38:19.373131
2963,jasonmoore@example.com,10,53.55,False,1971-09-19 13:20:17.779074,1979-08-04 13:40:44.936386
8061,thomasmathew@example.com,4,15.33,True,1986-10-26 21:45:36.526933,1993-09-23 02:53:16.824183
2421,qhall@example.org,7,50.73,True,2008-01-08 14:11:07.729757,2019-02-15 05:10:23.569866
4979,leetimothy@example.org,10,87.63,True,1992-10-21 15:17:34.673073,1995-06-28 10:23:11.814024
6312,ymathis@example.org,1,19.84,True,2017-05-01 10:23:35.219886,2024-02-12 01:50:56.454690
7016,tinakaufman@example.org,4,91.22,True,1999-07-27 02:40:09.260521,2017-03-14 02:34:11.916986
1988,smithcassidy@example.net,6,41.7,False,2022-11-09 16:59:49.636734,2023-08-08 02:58:48.457663
5394,ojohnson@example.com,3,36.79,False,2002-11-12 05:57:47.289847,2006-02-23 00:42:24.083064
1992,ewhite@example.com,2,39.87,False,1988-07-20 08:39:27.858770,1999-11-23 07:26:21.162786
2319,cjohnson@example.org,6,23.52,False,1995-03-17 05:18:24.359258,2001-12-09 23:26:17.694573
5284,ambergarcia@example.net,2,82.62,False,2017-01-23 01:29:13.647735,2022-07-25 04:48:39.506827
7240,christopherharper@example.net,3,84.87,True,2008-11-10 23:09:47.288519,2019-08-19 22:18:56.094052
3282,gabrielleatkins@example.net,10,45.16,True,2024-03-25 05:07:06.411513,2024-04-16 20:56:20.913052
8022,ohayes@example.net,3,58.69,False,2024-03-23 03:56:09.366627,2024-05-01 22:12:34.616205
6169,jose89@example.com,9,55.3,False,2008-04-30 19:21:28.596846,2014-05-17 08:09:28.994322
8004,elynch@example.org,10,68.48,True,1982-06-19 23:24:03.963289,2001-09-15 05:40:04.621022
3241,kyle46@example.com,7,5.94,True,1993-03-10 19:43:57.736118,2000-04-11 15:48:10.579885
1661,williamlandry@example.org,4,40.98,False,1975-02-03 09:10:55.156872,2009-07-28 09:47:03.820710
8921,josephmartinez@example.com,9,42.11,False,2007-10-18 05:02:26.977891,2015-05-08 15:13:50.538167
3309,millerkaren@example.net,6,1.87,False,2016-08-31 06:02:18.511807,2020-08-04 14:35:09.269896
5863,ericjones@example.com,4,69.64,False,2000-08-24 00:32:36.588743,2019-10-07 15:25:42.871759
8733,robert33@example.com,1,62.25,False,2023-07-09 16:15:40.007796,2023-12-01 15:06:26.733922
1837,michelleharper@example.net,9,7.9,True,1985-02-27 05:05:06.851847,1986-06-07 13:20:00.696893
9935,bortiz@example.com,8,45.11,False,1984-04-05 09:54:55.292180,1997-03-08 19:01:29.580126
2487,obray@example.org,4,80.49,True,2001-08-07 09:05:37.740597,2011-06-21 02:20:25.191350
3230,carrollstephanie@example.org,4,46.85,True,2017-09-14 17:34:39.867466,2023-07-01 10:52:21.022065
6966,ethan07@example.com,3,55.04,True,1975-04-15 02:34:06.048621,1993-01-17 00:44:32.275483
9519,andrea93@example.net,8,3.72,False,2020-10-31 00:34:57.023016,2023-10-21 12:02:44.348815
4413,sandrafox@example.com,8,70.41,True,2012-09-02 18:33:15.662688,2013-05-11 06:11:45.652967
1344,johnsoncourtney@example.org,10,17.95,True,2016-05-04 01:56:13.374913,2021-02-08 01:28:46.787619
4275,wrightjesse@example.com,7,99.87,False,1977-11-19 22:17:45.907762,1998-06-25 20:53:03.961072
2916,awest@example.org,1,41.61,True,2018-08-15 20:02:37.874195,2023-04-27 16:18:28.867812
4548,slewis@example.net,5,71.04,True,1978-11-02 21:24:11.155651,1989-01-10 01:58:00.589511
7544,ruth05@example.org,9,47.46,True,1999-01-17 02:50:46.750315,2000-02-27 10:39:15.269217
2039,rebecca80@example.org,8,77.58,False,2013-05-11 00:56:54.101147,2018-04-23 23:58:15.835855
9827,vrivers@example.com,10,27.9,True,2005-11-03 23:12:49.989223,2018-12-30 10:34:49.102652
9755,michaelkline@example.net,4,70.48,False,1994-06-26 06:13:17.395241,2011-02-18 06:11:13.249302
2244,timothyromero@example.com,8,84.95,True,1975-04-21 11:00:04.302123,1983-08-14 23:54:46.041249
8838,obray@example.org,8,68.86,True,1978-09-08 13:31:04.629720,1995-07-24 03:33:22.374139
4921,cynthiamills@example.com,8,93.78,False,1999-03-23 08:48:59.279132,2012-05-31 03:10:34.402559
3252,orozcorenee@example.net,5,44.53,False,1972-07-27 13:24:22.393115,2022-11-19 07:55:06.705129
9143,johnsallison@example.com,10,39.63,False,1979-06-19 00:52:23.526033,1998-04-24 04:44:45.453944
8914,williamsstephanie@example.org,1,75.86,False,1983-04-29 00:54:01.031192,1996-07-07 18:11:58.095563
7939,lcook@example.net,9,53.0,False,2006-01-13 22:57:09.971379,2019-09-27 23:31:43.368288
1752,wellslisa@example.net,7,67.75,True,2004-04-28 23:55:29.523712,2006-03-31 21:18:56.416722
3297,natalie33@example.org,10,95.62,False,1970-12-11 22:49:00.908499,2023-01-03 04:26:19.888478
4575,anthony46@example.org,2,53.92,False,2011-07-07 03:03:53.960314,2022-01-24 18:02:47.222711
4831,andersondeborah@example.org,9,83.51,False,1986-03-08 18:50:37.222178,1996-08-16 23:55:28.098203
9209,fgonzales@example.org,1,76.53,False,2017-09-24 16:24:28.538272,2021-04-02 02:59:00.328059
7208,danielkim@example.net,3,22.92,False,1985-09-12 19:23:47.941360,2022-02-06 20:07:23.445760
8634,gatesbrittany@example.org,2,10.86,True,2005-01-20 09:23:32.124075,2013-11-30 09:36:29.570359
9783,colonluis@example.net,3,70.75,True,2001-07-18 16:15:35.534355,2020-12-27 15:19:27.855847
3549,ojohnson@example.com,7,26.81,True,1971-01-07 18:37:26.143301,1991-10-22 18:03:24.420384
7527,shanecase@example.com,8,72.26,False,1970-02-13 04:02:50.354951,1988-02-15 17:50:28.381975
2856,williamskeith@example.com,9,80.19,False,1990-05-27 23:16:20.762236,1994-11-24 02:02:24.285919
2934,jenniferstewart@example.org,9,78.98,True,1986-10-25 07:00:18.203346,2020-10-28 07:16:57.717322
2548,sarah58@example.org,2,73.1,False,1997-04-28 12:41:03.351069,2003-09-30 22:46:41.112004
6557,emilyfrazier@example.com,4,7.76,False,2012-05-11 09:01:38.446836,2016-02-29 13:59:29.306125
1755,zacharyhernandez@example.org,4,37.87,False,1995-09-12 18:38:08.538223,2017-11-19 07:38:36.858896
6911,noah46@example.net,4,17.87,True,2007-03-05 01:41:07.024168,2010-02-08 07:22:20.557481
1660,thomasjames@example.net,1,49.09,False,2015-11-27 11:06:50.364910,2024-01-02 18:59:57.607498
4049,richardschad@example.com,6,47.76,True,1981-05-14 00:34:06.587314,1989-02-01 19:25:31.093655
1312,utorres@example.net,8,81.46,False,1993-06-26 12:18:45.075863,2015-04-26 16:23:16.370751
2615,brookesolis@example.org,7,61.05,True,1985-09-14 07:32:52.534422,1991-12-21 12:28:35.888551
8887,arodriguez@example.net,1,87.97,False,1992-12-25 18:01:18.475704,2021-02-10 04:13:36.714032
1146,gclark@example.org,1,50.97,True,1981-11-16 01:20:23.018425,2001-08-23 21:12:10.158740
1962,david04@example.net,1,86.72,False,1973-09-03 04:58:27.403651,2002-02-13 00:53:22.333014
1958,zunigapatrick@example.net,7,20.17,True,2005-03-09 06:30:38.490405,2014-11-30 23:08:11.232273
9678,heather81@example.org,10,71.33,False,2007-11-10 15:07:53.251995,2009-01-20 08:03:27.332658
4775,meyervalerie@example.net,4,73.0,True,1980-04-21 12:59:17.554735,1987-12-25 00:38:54.413430
1417,amanda64@example.net,10,7.72,False,1984-11-06 18:49:23.789037,2023-03-22 17:50:18.331013
4497,amorgan@example.net,4,11.83,True,1985-08-15 18:26:10.191421,2023-07-05 02:35:41.056544
5410,meyervalerie@example.net,7,68.9,True,1994-04-08 08:36:11.758290,2015-06-24 12:22:29.122728
9703,catherine33@example.com,10,68.39,True,1975-03-19 17:14:36.551989,1997-07-02 14:22:07.389341
8877,jasonlee@example.org,5,73.23,False,1999-07-26 22:58:56.927044,2001-07-15 11:21:39.954769
6560,james13@example.org,3,13.34,False,1987-07-14 17:19:39.860818,2011-05-24 17:40:19.521931
9889,jacobchung@example.net,6,40.87,True,2002-05-01 06:01:14.247919,2014-08-13 22:13:40.818341
4395,stephanieburton@example.org,7,8.09,True,1988-04-19 15:34:57.428117,2005-12-04 15:55:18.801320
6706,padillachristopher@example.net,8,80.52,True,1982-06-15 09:01:58.752780,1999-03-06 09:55:16.996400
9572,petersjason@example.org,10,56.01,False,1999-08-28 02:18:34.352318,2015-03-26 18:55:04.315475
9686,lauren51@example.com,8,10.54,False,1999-04-18 14:15:34.755246,2006-03-28 17:22:54.660924
6974,williamsstephanie@example.org,4,47.0,False,1991-07-17 23:22:20.428987,2005-08-16 03:46:51.163337
8901,craig74@example.com,7,56.33,True,2001-04-22 11:11:38.075557,2018-09-22 11:36:48.414725
4851,awilliams@example.com,9,20.3,False,2020-06-18 22:24:31.773047,2022-08-11 15:48:15.229745
4512,jjones@example.net,10,76.26,True,1991-02-04 02:59:36.776024,1998-01-21 11:22:23.076361
2941,tmartinez@example.net,5,37.39,False,2010-10-16 06:02:10.557219,2013-03-03 17:36:24.641906
8286,jamie42@example.org,5,76.97,False,1991-08-18 23:21:26.106471,2006-01-13 17:02:59.126882
4926,qhoover@example.org,6,62.38,True,1977-05-30 07:46:50.356491,1989-03-13 13:52:01.221553
2359,jaycook@example.net,6,25.34,True,1972-03-27 05:30:24.751338,1985-12-18 14:05:36.534854
3861,jennifer90@example.com,7,81.93,True,2016-05-13 18:04:18.714002,2018-11-24 03:09:18.205161
4850,brookegillespie@example.net,7,4.26,True,2020-01-08 12:41:55.044832,2023-01-08 12:50:52.556579
8541,ojohnson@example.net,5,1.56,True,2004-08-11 03:17:02.451617,2014-05-18 08:17:48.312812
1027,braunalicia@example.net,5,51.3,False,2002-02-15 16:56:56.417191,2013-07-22 15:48:03.298563
3030,cheryl80@example.com,5,4.1,True,1972-12-19 11:35:33.824583,1995-02-21 00:05:28.705671
7689,sharonwarren@example.com,2,42.17,True,2023-05-04 05:52:35.071216,2023-12-22 00:40:56.550985
9117,burkeanthony@example.net,3,71.97,True,1984-12-25 08:57:36.461096,2001-12-08 12:46:01.697412
2172,michaelkline@example.net,2,63.81,True,1994-04-19 07:19:03.603714,2010-03-22 20:39:38.655748
2506,allison46@example.com,4,80.8,True,2023-05-07 17:34:13.963733,2023-09-21 14:38:57.786001
9552,williamrobinson@example.org,6,80.0,False,1972-02-06 07:23:48.440998,2010-01-12 02:32:11.778814
9740,obray@example.org,6,25.55,False,1974-07-17 01:00:23.733151,1984-02-26 22:11:48.241549
1741,moorelisa@example.net,4,11.38,True,2000-06-27 21:29:01.653039,2008-11-11 18:48:43.982732
5504,owyatt@example.net,1,26.53,True,2013-11-07 04:22:25.834446,2013-12-23 13:17:33.540549
2427,awinters@example.org,8,67.81,False,2008-04-14 08:34:49.673315,2013-05-06 23:58:18.556474
8550,cward@example.net,4,96.06,True,1994-09-18 05:01:39.515633,1995-09-01 08:20:32.036849
4199,westscott@example.net,1,43.6,False,2004-09-03 06:02:51.934262,2015-08-06 12:44:59.648611
6581,carlosspencer@example.com,4,3.49,True,1974-08-17 05:34:34.169340,1998-10-21 04:20:30.085319
2015,colemandaniel@example.net,3,24.37,True,1987-12-28 02:33:14.941986,2003-03-25 08:32:32.353913
3005,michaelrojas@example.org,2,38.95,False,1972-11-26 03:38:03.092186,1995-09-18 23:31:50.876467
4236,edwin95@example.org,2,21.91,True,1975-05-30 08:25:09.899665,2014-02-01 05:26:34.351070
3214,william14@example.org,4,88.51,False,1978-05-26 14:47:16.816552,1990-01-03 10:59:19.620690
5295,fperez@example.net,8,36.46,True,1982-01-25 05:32:56.232589,1985-12-01 06:25:26.917805
3761,wesleycosta@example.org,10,15.48,True,2018-08-08 23:06:14.714302,2022-06-29 16:08:54.363668
5558,owenskathleen@example.com,3,43.47,True,2022-08-26 22:49:35.384951,2023-03-14 12:53:28.944959
1172,brios@example.com,8,24.6,False,2016-12-29 09:20:55.049916,2019-12-04 22:21:04.302344
6101,charlene95@example.org,4,2.35,True,1994-04-24 17:32:43.710082,2005-03-31 02:34:42.094798
9696,amygilmore@example.org,3,40.97,False,2018-12-19 04:32:13.686703,2019-07-23 11:17:56.557077
4805,melissa83@example.net,4,22.09,True,2004-06-17 20:50:59.703265,2024-01-03 08:44:25.868715
5274,ashley28@example.net,3,65.61,True,1973-02-04 00:22:51.359477,2015-11-29 08:39:53.467968
2343,yhanna@example.org,10,47.28,False,2002-09-02 08:25:24.106609,2006-01-22 14:07:35.715561
5522,christian96@example.net,8,6.11,True,1988-04-07 00:39:18.147435,1997-04-15 13:48:04.352069
9801,fletcherveronica@example.org,6,21.91,True,1980-09-24 08:28:26.736705,2007-06-04 01:55:40.287493
6155,matthewspencer@example.com,6,61.32,False,2005-03-14 03:14:42.679037,2014-02-08 18:30:28.929620
1877,carrollstephanie@example.org,3,34.2,True,1998-01-20 06:53:52.153671,2023-05-08 07:54:41.789280
2505,parkerin@example.net,8,29.53,False,2002-01-30 04:35:43.277183,2020-08-09 05:30:32.635140
9784,wortiz@example.com,7,39.89,True,1970-11-18 06:11:21.522292,1979-01-02 18:08:14.777280
6112,courtney94@example.org,8,52.85,True,1979-06-16 21:37:20.723154,1993-01-20 03:05:28.551993
3305,carmen36@example.org,3,70.67,False,1972-12-25 08:37:16.748306,2021-07-26 06:20:00.545416
8035,smithvictoria@example.org,3,52.54,False,2020-04-21 15:14:25.914990,2021-09-05 13:53:21.303707
4125,fgonzales@example.org,2,49.42,True,2009-02-11 18:15:33.992789,2010-03-08 10:49:07.834719
3172,kristinesmith@example.org,2,29.95,False,1971-06-28 19:50:49.108437,1978-12-15 19:55:58.856962
4385,jason79@example.com,9,65.02,True,1978-02-15 03:30:38.735728,2020-03-08 03:32:24.999022
3380,veronicamitchell@example.com,3,50.9,True,2012-08-02 10:14:20.137579,2015-02-12 08:05:41.199066
4936,michelle70@example.net,9,39.59,False,1975-04-26 19:25:24.692552,2001-10-13 07:21:19.021230
8557,robertpalmer@example.net,4,34.47,False,2017-09-15 00:20:30.511815,2020-04-26 08:26:20.765864
3075,hbright@example.org,10,33.13,True,1985-03-17 18:42:41.123333,2011-12-15 13:13:31.065267
6493,tcarr@example.com,7,39.56,False,1998-05-28 01:37:55.000640,1999-05-21 07:21:36.843078
8702,catherine87@example.com,3,21.67,True,1981-01-27 07:08:58.211786,2013-04-12 14:38:07.964876
7304,hunterthomas@example.org,1,98.8,True,1980-08-05 21:23:27.361502,2020-08-19 21:02:39.142316
4400,dustin71@example.com,3,52.47,False,1992-03-10 15:12:23.008083,2016-06-08 00:13:54.774416
9551,ymitchell@example.net,5,14.8,False,2001-11-04 10:48:14.131934,2020-04-21 05:00:36.325126
3906,amandahampton@example.com,7,94.78,True,1983-03-09 21:35:56.051538,1986-12-27 12:04:07.274396
4793,craig74@example.com,5,48.98,False,2015-01-05 15:54:59.421057,2018-08-27 20:19:04.766211
5054,phillipstroy@example.org,7,40.94,False,2005-09-08 14:46:36.548728,2013-12-12 08:14:39.898153
2636,jasonlee@example.org,5,81.79,False,1981-05-24 22:01:22.869972,2004-02-13 07:53:20.441237
6898,cardenaschristine@example.org,8,2.17,False,2016-11-19 00:12:02.086651,2019-05-08 13:10:25.844227
1329,uwatson@example.com,5,25.86,True,1993-06-20 21:58:42.114317,2007-05-10 20:17:17.393425
5259,smiller@example.net,10,39.93,False,1973-03-12 04:27:26.172857,1983-11-13 06:08:22.947952
2196,bgriffin@example.org,6,4.62,True,1985-05-10 10:30:26.652508,1991-10-16 22:48:40.167743
9206,vwillis@example.net,4,30.94,False,1971-01-20 22:56:14.641793,2008-12-03 00:09:08.906056
4555,ylarson@example.com,8,1.39,False,1998-05-30 10:33:37.683049,2006-03-08 09:32:58.606686
4067,jasonlane@example.net,9,65.03,True,2010-07-08 10:02:02.244322,2023-03-12 10:49:07.717489
7264,eugene25@example.com,4,56.8,True,1979-01-13 06:07:26.441567,1992-02-18 07:42:44.386129
5407,velasquezpaige@example.net,1,52.75,False,1982-06-17 06:46:06.612723,1999-08-24 00:46:34.664216
6415,hamiltonandrew@example.com,5,63.94,True,1977-07-09 17:19:09.715082,2014-11-27 13:48:04.619707
8237,aharris@example.com,2,28.0,False,1985-01-09 13:11:46.815932,2001-03-02 12:05:43.242668
3217,tbrown@example.net,1,18.78,True,2022-03-20 10:32:25.394795,2022-06-07 17:15:34.278798
1523,uwalker@example.net,6,74.84,False,1989-04-16 23:17:26.027006,2004-08-19 07:06:17.984922
2266,jacquelinebradshaw@example.net,7,54.73,False,2005-08-17 05:44:18.338913,2009-05-24 12:59:42.384526
4234,frankmcneil@example.net,8,36.98,True,2008-05-21 21:34:14.542844,2015-01-04 14:32:34.942147
9071,nathanwilson@example.net,2,27.79,True,1992-05-10 10:40:01.184338,2003-04-03 10:42:07.958881
5894,bortiz@example.com,6,24.11,True,1976-09-26 22:48:20.814995,1991-11-18 14:04:46.227763
2185,fevans@example.com,8,6.03,False,1993-07-01 18:45:06.405292,2009-09-17 03:07:33.760724
2790,bobbyknight@example.com,2,44.63,True,2002-12-27 15:17:53.908048,2005-12-15 12:26:38.224985
1974,awinters@example.org,5,68.09,False,1972-01-14 11:50:53.268968,2018-06-06 14:35:05.322021
5465,david04@example.net,5,43.02,False,1977-05-07 11:57:32.900876,1986-12-11 23:43:46.097714
2399,newmanmatthew@example.org,9,48.2,False,1973-09-06 06:46:22.831045,2003-08-09 16:02:15.670236
2638,johnlopez@example.com,7,30.81,False,1986-01-08 06:09:49.573786,2008-02-10 21:17:37.994155
9884,lopezstacie@example.com,9,77.63,False,1980-04-03 10:57:08.440278,1986-02-08 20:48:12.296849
6257,petersjason@example.org,8,93.42,False,2017-03-11 16:03:17.421240,2017-06-20 13:40:55.982193
9986,lcarrillo@example.org,6,54.93,True,2004-06-13 09:30:47.646914,2009-04-13 03:11:16.329524
7326,aaron90@example.com,4,21.06,False,1982-06-12 05:42:50.381480,2006-07-30 18:35:41.579202
4109,wellsmark@example.org,5,36.4,False,2006-10-24 03:40:24.776861,2012-09-17 15:09:13.702342
9062,nli@example.org,4,72.88,False,2019-08-10 15:42:19.964662,2023-02-07 01:28:49.330558
6191,david04@example.net,2,29.25,True,1976-12-27 00:17:36.733806,2020-01-05 07:34:43.141870
1569,margaretelliott@example.com,4,65.98,True,2004-01-03 18:07:43.424081,2016-07-28 16:42:08.294012
6018,ethan07@example.com,6,68.12,True,2023-10-08 04:58:47.902676,2024-01-29 00:28:00.886683
4489,allensandy@example.net,1,6.0,True,1972-12-06 08:03:43.794972,2015-08-11 12:58:47.852381
5701,qhall@example.org,3,2.01,False,1994-03-12 17:13:27.675506,2005-04-28 20:35:20.542182
2157,greghardin@example.org,6,95.55,True,2011-02-27 09:51:44.202326,2015-02-25 01:41:17.974852
1395,qhatfield@example.com,9,61.45,False,2021-04-25 13:22:40.005874,2022-05-30 21:08:14.869330
9277,jessica60@example.com,9,89.89,False,2012-09-26 02:57:28.023781,2022-03-01 20:04:30.114681
7522,popesheila@example.com,2,89.94,False,1992-07-11 20:18:52.390814,2018-06-08 23:05:47.625514
5593,jamessmith@example.com,2,69.58,False,1987-06-25 01:23:22.819788,1995-09-19 22:52:39.838623
2475,parkbrenda@example.net,2,95.07,False,2009-11-25 08:56:32.445847,2016-01-06 13:18:10.072651
1638,srodriguez@example.net,4,0.28,False,2019-08-21 11:24:53.011178,2024-02-16 04:32:04.461947
5533,brian25@example.org,8,33.04,True,1988-09-03 12:56:24.497382,1996-01-03 13:47:40.937310
5545,uwatson@example.com,5,13.45,True,1970-12-24 14:00:18.224235,1972-03-16 20:25:36.379046
1756,bmartin@example.com,1,42.95,True,2019-09-24 21:10:58.210330,2022-09-04 13:30:43.983696
7008,jacobrhodes@example.org,3,79.67,True,1995-10-19 10:15:39.871519,2012-02-03 16:22:22.786764
9170,jacksonpatricia@example.com,1,4.49,False,2016-05-13 07:56:01.197808,2016-09-01 16:05:18.112976
4254,michelle64@example.net,2,11.73,False,2021-04-21 04:10:36.059112,2021-07-27 07:54:28.520264
7144,ksmith@example.com,7,55.03,False,2019-06-29 21:54:20.906220,2020-05-17 14:08:46.688878
2956,nguyendanielle@example.net,9,74.4,True,2005-12-21 09:03:27.854041,2022-11-26 12:48:32.460250
2646,qwells@example.com,6,61.29,True,2007-04-17 15:26:05.130301,2012-10-11 10:29:02.042170
7157,ycook@example.net,10,60.44,True,2022-04-10 06:11:37.655884,2023-10-02 04:36:50.589975
1130,frank65@example.net,7,2.46,False,1991-03-06 06:42:23.075377,2015-09-28 07:43:18.649810
3003,warddeborah@example.org,6,45.1,True,1992-12-10 08:01:36.470158,2023-01-05 15:51:52.601367
5362,gregory35@example.org,3,38.12,True,2021-01-16 12:12:38.102114,2023-06-15 17:42:14.434835
1347,chad97@example.net,7,19.83,False,1989-08-10 06:49:31.140475,2000-12-10 11:20:22.470560
5751,gzamora@example.org,5,66.88,True,1973-03-17 01:27:42.888824,1993-12-30 15:25:34.840110
8577,james34@example.com,4,50.06,True,2009-07-10 21:59:03.577097,2014-07-16 20:05:01.239058
3149,johnwebb@example.com,6,85.05,True,2019-06-08 03:34:33.410239,2021-07-01 01:07:17.275923
2405,lawsonnathaniel@example.com,6,21.94,True,1984-03-12 01:45:33.726710,2004-12-05 15:24:05.334805
7020,millermaria@example.net,4,8.74,True,2004-04-13 04:42:18.885302,2023-01-15 22:53:26.468199
1608,ypoole@example.com,2,64.43,False,1989-01-17 21:38:05.991096,2019-10-06 11:16:20.098370
8818,martintyler@example.org,2,79.2,False,2000-08-02 00:09:34.588232,2008-11-22 14:32:52.203419
6716,xvance@example.net,4,1.63,True,1974-04-27 08:33:59.273999,2010-06-12 06:55:36.954075
2338,smyers@example.org,7,44.11,True,2003-01-27 00:07:24.931802,2006-10-26 02:29:12.499322
2017,whiteheadnicole@example.org,4,94.13,False,1973-10-07 15:31:52.322572,2009-12-15 00:21:12.315957
7836,jose89@example.com,10,87.07,False,1971-11-01 18:13:26.509374,1982-03-22 20:52:57.420568
5094,jessica60@example.com,6,22.54,True,2008-04-11 19:03:39.316620,2015-01-10 01:15:35.901506
6084,bryan93@example.com,4,84.5,True,1989-09-24 00:14:32.924404,1990-02-11 13:56:12.681584
5684,amorgan@example.net,5,2.08,True,1976-12-11 23:03:36.512422,1996-07-06 19:07:44.154350
1479,bfrancis@example.net,7,81.93,False,2023-05-08 08:28:20.861046,2024-01-20 22:03:31.214801
6555,greghardin@example.org,4,82.0,True,2013-09-28 00:11:47.147514,2017-05-19 20:50:56.992314
5463,kelseymorris@example.net,8,1.72,True,1973-01-23 09:21:24.024004,1986-02-20 19:14:41.039970
9607,hbarry@example.org,9,35.49,False,2018-01-24 05:42:13.033632,2022-04-06 18:51:22.154315
6764,eugene25@example.com,7,34.83,True,2017-05-20 06:05:10.776932,2021-06-19 03:52:43.083443
3737,vanggregory@example.net,5,92.72,False,2011-04-07 05:34:41.389493,2024-04-15 19:49:40.857051
7963,sarah76@example.com,9,19.83,True,2008-07-18 22:31:24.065911,2012-04-26 06:21:58.885415
2879,mmorales@example.org,8,58.85,True,2004-10-15 06:26:24.345035,2016-02-22 10:05:07.219854
2639,smithcassidy@example.net,4,6.44,True,1984-04-26 14:44:30.745575,1996-01-09 08:46:42.174751
1286,aaronharper@example.com,10,52.58,True,1971-03-07 01:04:27.865988,2013-09-28 00:46:23.816992
3025,nguyenrobert@example.org,2,42.86,True,2016-08-19 23:41:44.729143,2022-11-08 13:08:45.962796
8125,westkayla@example.com,4,52.84,False,1978-02-04 14:31:56.963634,1992-02-22 21:11:42.382858
6449,phillipsthomas@example.org,5,14.3,True,2013-05-25 18:43:04.345474,2023-11-07 18:12:36.167938
7325,loretta05@example.org,5,4.18,True,1980-01-11 20:59:35.830584,1995-01-19 05:58:58.077986
1891,anna98@example.com,10,69.69,False,2009-07-16 19:58:39.127952,2015-06-23 04:43:02.074069
1373,amorgan@example.net,7,35.17,False,1974-08-24 23:00:20.389353,2016-11-06 00:04:39.519431
5189,lestermatthew@example.org,5,63.01,True,2003-06-12 01:51:47.179707,2005-07-11 18:53:48.407026
4940,timothy31@example.org,7,7.43,True,2013-02-27 14:17:22.648939,2023-01-11 23:08:08.925854
9615,aharris@example.com,8,26.98,True,1980-05-10 13:26:29.444376,2002-12-28 21:06:14.353791
1928,melissa83@example.net,1,85.9,True,2021-10-15 06:01:05.490485,2022-10-31 18:53:42.137550
6161,vstanley@example.com,9,71.06,True,1992-06-27 23:18:15.527796,2007-02-28 13:30:47.877939
1264,brandon95@example.org,8,49.52,True,2002-05-06 22:30:59.510035,2005-04-06 11:24:41.630883
9255,rebecca80@example.org,8,72.77,False,1977-06-30 20:55:54.752274,2002-06-22 15:50:43.467652
7628,teresa77@example.org,8,72.16,False,1987-09-10 02:12:30.782999,2009-07-06 21:03:27.433954
3033,murphynicholas@example.net,2,32.09,True,2023-03-16 09:37:12.616549,2023-05-19 19:37:07.331755
3444,jenkinspaula@example.com,10,10.01,False,1999-11-08 10:58:31.068654,2014-04-08 17:45:11.292511
4378,andrew23@example.org,7,23.82,True,2010-01-01 09:16:57.957563,2023-11-11 14:58:51.673599
6578,uday@example.net,9,60.05,False,2017-11-17 18:42:04.505372,2021-09-08 18:42:58.389868
8367,edwin95@example.org,5,55.59,True,2008-10-23 18:45:56.307993,2010-04-23 15:56:03.302810
7129,ethan07@example.com,3,36.68,True,2023-09-02 18:51:47.194115,2023-11-17 15:41:15.768479
7873,steven01@example.net,7,41.82,True,1974-05-10 23:04:42.405370,2011-10-02 04:05:10.669917
2712,tlutz@example.org,1,35.92,False,2003-04-07 17:28:05.449634,2012-09-09 14:25:23.459440
6091,ambergarcia@example.net,8,47.48,True,2001-04-22 21:42:03.218334,2020-04-12 20:37:04.430230
8249,xrich@example.net,10,89.14,False,1989-03-20 01:31:18.741620,2012-10-27 17:22:08.529036
4799,uday@example.net,4,65.61,True,2016-01-10 10:51:46.241143,2018-05-18 21:48:15.726200
6572,jenniferstewart@example.org,3,40.41,True,1972-01-02 12:09:41.774464,2003-04-25 23:33:50.854820
3513,westkayla@example.com,10,24.2,True,1983-08-19 14:16:53.477870,1990-06-24 19:40:41.686171
1547,benjamin00@example.net,7,64.12,False,1999-05-04 07:40:35.275282,2012-01-17 23:40:22.292410
1210,tbrown@example.net,7,97.8,False,2006-03-16 05:36:38.434119,2014-03-08 18:01:29.584741
8279,leecrystal@example.com,1,18.7,True,2019-07-14 23:07:38.026755,2022-09-05 04:22:14.026439
5199,jbutler@example.org,5,12.75,True,2000-05-19 09:45:07.775200,2017-03-23 19:47:36.393674
2779,sanderstracey@example.com,8,19.77,False,2005-09-23 11:49:59.980365,2020-02-08 12:10:58.418958
7704,andrew23@example.org,3,74.19,False,2006-04-16 13:21:18.282084,2006-08-23 14:51:09.044330
8916,parkbrenda@example.net,5,29.25,True,1990-06-20 23:08:50.563723,2007-12-06 04:57:21.753510
7428,jonathon91@example.org,3,39.26,False,2008-05-22 19:34:00.715334,2023-01-15 07:31:01.042370
7973,rallen@example.net,7,33.04,True,1984-07-30 07:36:13.682621,2011-10-03 11:31:09.446385
7309,prosario@example.net,5,49.23,True,1998-06-27 23:59:23.723331,2006-03-04 01:17:21.718684
5597,timothy31@example.org,4,50.86,True,2005-01-08 05:34:53.661307,2017-04-02 03:16:27.322472
7186,shane31@example.org,5,92.74,True,1992-03-27 18:16:09.870365,2014-05-10 01:21:33.471359
4572,angela67@example.com,3,87.91,False,2018-08-26 08:17:20.525778,2022-10-22 01:19:30.642239
4444,hbradley@example.com,3,28.59,True,2013-12-30 18:03:38.597496,2021-10-17 17:14:51.298874
8470,teresamayer@example.net,9,67.72,True,1979-12-05 06:56:06.328481,2006-11-17 04:15:25.001379
4566,allisonbishop@example.org,8,49.66,False,2000-04-15 04:01:51.195142,2012-04-07 07:15:04.414405
4780,alexandria16@example.com,5,20.8,True,2002-06-23 18:46:30.609898,2004-04-20 12:17:37.124805
8865,lwelch@example.com,8,20.97,False,2005-01-18 06:42:12.856358,2014-04-29 15:37:41.222543
5518,kathy36@example.org,8,70.42,False,1978-08-10 21:28:01.170054,1989-12-18 16:39:27.702701
8979,michellewilliams@example.org,6,73.49,False,1974-05-07 01:06:22.228321,1993-09-21 19:24:42.199635
6689,larry86@example.net,1,93.23,True,1979-08-19 11:06:38.583784,2003-03-07 22:35:06.485084
7822,solisvickie@example.org,2,92.33,True,2020-03-25 01:51:14.568792,2022-06-10 00:28:23.219599
8302,anthonybailey@example.net,6,43.88,False,1989-12-18 20:35:10.842842,2014-03-13 10:03:23.461376
5840,uwatson@example.com,2,38.69,True,2011-05-10 15:25:24.354089,2020-03-05 17:48:24.893825
2132,coxtimothy@example.com,2,55.32,True,1971-05-11 18:53:40.745714,1979-10-20 16:35:28.184767
4839,utorres@example.net,9,6.89,True,2013-11-03 06:25:57.245846,2015-04-28 04:17:29.693450
2304,ulee@example.com,9,32.44,True,2021-10-15 05:25:40.286804,2023-05-28 03:21:22.525753
2330,jonathan31@example.com,7,4.28,True,1993-09-08 06:53:03.618839,2015-09-29 06:36:55.534159
6252,tmartinez@example.net,10,81.65,True,2014-04-05 22:25:10.499174,2022-08-11 01:27:48.355853
1520,russomatthew@example.org,8,39.28,True,1989-06-11 14:32:04.375955,1990-03-08 11:44:48.922913
4019,alexanderjeffrey@example.com,8,6.5,True,2011-11-30 01:03:23.724430,2012-10-29 17:48:11.856780
6239,courtney94@example.org,4,95.64,True,1988-02-24 11:14:29.194695,2006-01-23 13:03:33.177777
3935,megan54@example.org,3,41.65,True,2008-08-17 22:56:36.645095,2012-08-21 19:59:31.294138
6334,dduncan@example.net,10,31.7,True,2015-05-30 18:54:33.564686,2023-09-05 02:41:17.890703
7761,margaretelliott@example.com,6,64.58,False,2014-12-07 23:19:33.744847,2020-09-28 00:22:01.429071
2708,wellsbenjamin@example.net,7,44.67,True,1990-09-01 05:59:17.751624,2009-10-25 17:10:33.840890
3893,whunter@example.net,7,66.29,False,2017-01-19 06:24:24.203684,2021-05-24 22:14:45.323602
5057,edwin95@example.org,9,21.15,True,1989-12-18 04:57:51.056718,2009-09-17 09:59:51.528347
6063,meyerkatrina@example.com,6,48.33,True,1972-04-06 00:49:27.505883,2020-06-15 13:24:35.953196
2722,dean14@example.net,2,38.41,False,2000-03-18 18:19:54.081141,2016-07-30 02:23:13.181507
6542,davidbutler@example.net,8,96.35,False,1981-07-19 11:59:44.464831,1999-08-04 16:22:38.168690
9624,william00@example.org,3,29.62,False,2010-01-18 20:31:10.967277,2017-12-21 04:24:01.606841
1656,ashley28@example.net,6,23.61,True,1976-01-11 03:48:17.335353,2001-08-01 11:08:01.308692
5964,noah46@example.net,8,83.01,True,1997-02-28 16:57:32.888909,2013-03-16 16:22:16.685880
5053,lbruce@example.com,2,57.4,False,2000-10-23 04:42:07.939127,2005-06-14 19:12:03.568990
3606,christopherharper@example.net,1,26.26,True,1971-11-30 03:03:54.800421,1990-03-19 12:28:08.373105
6013,kristyfranklin@example.net,5,45.28,True,1995-06-08 03:54:55.130671,2007-12-15 10:19:54.949330
6606,bknight@example.com,3,43.78,True,2020-05-21 12:42:49.563309,2022-08-06 00:10:04.775872
2738,xvance@example.net,3,12.58,False,1990-03-23 19:03:32.176573,2007-12-11 01:35:13.125793
3896,allisonbishop@example.org,4,92.33,True,2013-02-15 21:12:44.791600,2013-08-18 18:01:11.903725
6152,mswanson@example.com,7,96.33,False,2014-12-25 05:39:59.909202,2017-12-21 23:34:59.143287
5277,alyssamacdonald@example.net,5,7.88,True,2014-02-01 23:27:37.237032,2017-01-10 15:43:52.531997
6196,april03@example.org,4,28.33,False,1976-04-27 20:08:52.062402,2000-11-24 06:24:39.178685
8268,brookslaura@example.net,3,54.18,True,1982-04-29 07:41:00.596717,2004-03-07 09:59:13.240240
8296,parkbrenda@example.net,3,18.07,True,2019-07-31 18:49:35.130843,2022-05-24 19:21:48.020794
2944,justin62@example.net,2,54.01,True,1993-11-02 00:41:00.412537,2005-09-09 19:32:21.598206
2349,maureen19@example.net,5,22.36,True,1980-01-15 05:13:38.169793,2012-05-11 10:26:50.871504
6400,rebecca80@example.org,1,4.29,False,2014-08-19 01:12:20.920531,2016-12-19 02:44:44.147941
2144,heather81@example.org,2,85.81,True,1990-11-04 17:53:57.921462,2018-03-04 21:38:07.577277
9927,jason28@example.com,8,59.39,False,2006-06-27 09:08:29.993199,2011-10-09 13:32:32.759481
4401,vchung@example.net,10,62.96,True,1972-11-10 01:48:00.855079,1993-02-06 23:34:45.146002
9983,utorres@example.net,10,31.67,False,2013-07-05 03:07:52.365206,2021-10-04 12:32:02.775887
8781,lisamorgan@example.org,6,26.82,True,1980-12-04 11:31:17.329492,2004-03-22 09:22:13.640449
8072,smiller@example.net,9,0.29,True,1981-06-01 06:27:37.040024,1994-01-13 03:21:00.989627
8281,ronaldreed@example.com,2,16.06,False,1992-05-03 09:06:15.909859,2011-10-13 06:20:24.876163
2436,bcoffey@example.com,9,11.0,False,2017-12-31 18:57:01.278552,2019-04-29 18:19:42.614122
7034,amandahampton@example.com,9,56.25,False,2011-07-29 10:10:13.458194,2013-01-29 17:46:21.089248
2668,carlosspencer@example.com,2,18.97,True,1974-10-17 18:32:17.183454,1984-11-23 04:53:10.570575
1274,petersonchristine@example.org,1,1.91,False,2020-01-06 21:47:56.265336,2021-10-30 17:22:29.243584
3795,maciasdavid@example.com,1,73.29,False,1987-07-16 01:43:08.262864,1988-02-04 14:19:34.113374
1380,lhunter@example.net,1,6.33,False,1974-01-10 21:39:29.735146,2017-05-29 05:47:12.278430
1606,markclark@example.org,7,51.76,True,1971-02-27 12:57:16.027798,1995-09-06 03:36:18.704617
3398,john08@example.com,8,75.6,False,2012-04-11 21:11:48.911577,2016-10-18 07:21:51.697162
4126,alexander55@example.org,9,73.72,False,1978-08-03 13:47:47.174916,1990-03-25 06:15:18.245586
4355,carlosspencer@example.com,5,15.78,False,2014-04-07 10:43:37.526804,2020-11-27 21:02:37.133273
3729,ulee@example.com,6,98.81,True,2011-07-25 04:39:46.231345,2021-07-17 13:21:39.924117
4110,matthewramirez@example.net,3,32.41,False,2000-03-28 16:28:18.148250,2013-05-22 04:27:45.003936
8213,michaelharris@example.com,8,78.88,False,1978-08-16 14:07:39.605299,2014-07-06 12:12:51.285764
6066,kcook@example.org,5,34.53,False,2022-07-07 19:25:14.344278,2023-08-16 18:58:47.004371
3873,michelle64@example.net,9,79.1,False,1970-01-22 00:40:53.882107,1998-08-16 03:23:05.228270
2371,megan54@example.org,5,24.37,False,2000-09-04 18:48:16.410146,2007-08-30 15:58:59.846116
5257,hwoods@example.org,10,60.46,True,1985-12-16 10:42:08.762717,2007-02-27 07:59:08.319892
3499,barnesjeremy@example.org,5,89.1,False,2016-09-06 07:02:40.577550,2018-03-08 04:04:40.080040
2640,patrick66@example.com,4,64.41,True,1991-04-10 17:05:29.771683,2000-05-28 07:43:00.958892
6902,amaldonado@example.com,6,94.91,False,1998-11-18 16:48:54.885144,2003-12-07 20:43:11.960062
2263,huntbrianna@example.net,6,66.7,True,1984-07-02 12:41:28.666205,2003-09-09 06:26:22.077265
1035,alexandermills@example.com,9,31.69,False,2014-10-16 06:18:09.442891,2019-03-16 03:18:48.028903
9331,luis54@example.net,4,75.37,False,2007-07-29 11:27:52.753443,2022-07-03 05:59:52.643321
3847,amber04@example.net,9,14.41,True,2002-02-06 06:39:48.931387,2019-11-16 04:24:00.372937
8000,atkinsamy@example.org,8,92.46,True,2002-05-08 02:31:38.636213,2020-02-12 19:52:02.153586
8492,robin34@example.com,8,68.55,True,1972-02-04 16:38:15.279292,1988-05-12 08:15:07.302773
4326,veronicamitchell@example.com,4,21.11,True,1970-02-03 09:38:57.957362,1976-06-09 14:12:53.191816
3359,jjones@example.net,6,91.93,False,2001-02-26 20:38:48.838837,2018-08-10 07:22:37.631846
7158,hbright@example.org,2,89.25,True,1999-10-20 07:04:46.782369,2016-01-21 08:13:12.329317
3705,carlosoneal@example.org,5,48.9,False,1995-04-22 10:45:36.565796,2003-10-03 08:41:08.668440
6907,anewman@example.org,1,89.63,True,2004-10-18 02:15:43.092973,2010-10-17 02:46:02.524416
2160,richardsonheidi@example.org,2,70.97,True,1984-05-11 06:38:05.992332,2022-06-17 04:48:29.838640
3940,victoria42@example.com,6,73.83,True,2011-03-07 23:42:53.613465,2012-01-30 09:52:21.742415
9191,davidthomas@example.com,6,56.19,False,1986-08-09 02:19:18.018109,2024-02-04 11:20:10.180013
7774,juliemccullough@example.net,6,78.14,False,2005-05-16 15:51:32.531840,2019-06-27 01:29:01.712926
4147,tlutz@example.org,7,4.72,True,2013-02-05 19:12:56.297826,2014-08-17 07:58:49.802960
8059,ronald80@example.com,5,56.78,True,2004-05-03 12:16:43.705927,2022-12-29 02:34:36.960673
6615,gclark@example.org,7,35.91,False,1990-08-08 13:13:39.909311,1995-01-05 22:39:40.799196
6807,stoutmary@example.org,4,14.9,False,1973-03-06 17:12:42.806851,1991-08-13 13:06:45.339181
5431,nicole98@example.org,10,85.86,True,1971-03-30 03:37:27.695870,1984-02-01 19:57:11.095832
4133,graycarla@example.org,10,54.69,False,1997-08-19 23:10:21.527590,2014-08-10 04:48:06.170389
4170,jennifer90@example.com,5,37.34,False,2000-12-14 08:51:19.500264,2002-10-24 10:00:30.029029
6442,christine67@example.com,5,96.42,True,1972-05-28 15:46:15.202434,1979-08-21 00:35:18.119819
4391,saundersloretta@example.org,1,48.95,True,1984-08-12 04:52:27.303548,2006-09-27 15:04:23.012676
5993,ucarpenter@example.net,3,16.83,False,2005-09-12 06:04:04.503482,2006-09-03 15:47:34.479515
2317,nicole98@example.org,4,68.99,False,2023-05-31 09:34:41.096712,2024-04-20 11:53:47.330124
9899,thomaswendy@example.com,5,76.98,True,2010-09-22 17:46:49.443655,2017-04-28 06:24:27.014656
4603,greenethomas@example.org,4,93.97,True,1997-07-08 05:25:00.705115,2013-03-19 01:48:51.524799
4586,davisteresa@example.net,3,56.46,True,2001-05-08 15:52:54.828955,2001-06-25 05:49:12.298222
7175,kimberlysherman@example.net,2,45.88,True,1999-10-05 19:05:01.024709,2017-07-08 08:59:38.127377
3859,reynoldsjohn@example.net,6,10.41,True,1987-11-16 00:59:11.656143,2005-04-11 08:44:30.038741
7321,wesleysimmons@example.net,1,34.11,True,2016-12-27 21:05:46.512948,2022-03-31 12:51:28.626367
2761,psingh@example.org,6,86.53,False,1979-09-11 04:12:53.076800,1985-11-05 16:41:41.473188
2208,danielkim@example.net,3,71.18,True,1970-09-21 04:27:49.045526,2022-08-31 14:19:40.230505
2380,kimbishop@example.org,10,52.26,True,1990-11-12 14:02:14.900653,2023-03-10 16:27:11.480056
5126,alexanderjeffrey@example.com,2,61.09,True,1982-03-07 00:03:29.544443,2008-12-28 02:10:28.478346
1949,ghoffman@example.com,4,81.54,True,1994-06-28 23:01:12.138797,2000-08-11 23:10:06.738330
2358,michelle70@example.net,5,62.54,True,2010-11-07 05:41:12.507944,2015-08-03 05:46:14.069154
7530,jamie62@example.com,9,50.62,True,1977-02-28 16:37:39.433857,1983-05-03 17:15:32.445472
5587,hdelgado@example.org,10,82.94,False,1989-09-03 18:08:51.118109,2024-04-22 06:55:46.599622
9910,monique03@example.com,4,78.42,False,2001-02-11 22:27:24.617594,2012-05-03 11:07:23.843385
5322,psingh@example.org,5,2.45,True,1991-05-08 06:10:39.055295,2010-02-12 22:57:40.940857
8327,christopherharper@example.net,8,65.24,False,1990-07-06 11:07:18.757054,2003-02-13 16:45:56.871955
4232,ybradley@example.org,6,46.6,True,2019-08-08 09:15:21.980142,2021-03-11 08:36:44.777991
5573,atkinsamy@example.org,1,23.41,True,2018-01-09 18:29:19.806677,2022-11-15 22:44:09.982229
1203,burnschristie@example.com,2,30.46,True,1982-03-29 11:56:55.872165,2017-11-14 01:18:30.947453
2598,vconley@example.com,4,1.66,False,1999-10-03 12:25:32.053882,2018-10-02 17:01:52.172575
8283,riveramichael@example.net,9,6.61,True,1970-11-20 13:56:13.622577,1978-06-13 17:57:27.428200
3344,jmorales@example.net,4,33.97,True,1999-06-13 17:30:53.541528,2007-02-20 12:49:59.727245
4348,eric88@example.net,3,75.95,True,1979-02-08 14:32:14.282559,1985-09-15 09:56:05.184749
2188,martinezelizabeth@example.net,6,18.37,False,2008-12-04 17:36:28.354814,2009-09-25 23:23:25.136531
9080,jennifer49@example.net,6,63.68,True,1986-03-15 12:24:08.116546,1998-08-12 18:25:28.039229
7047,barbara32@example.net,10,35.62,False,2005-05-24 02:49:54.487090,2020-11-21 13:26:25.801638
6753,shortzachary@example.org,7,56.28,True,1998-05-19 11:34:27.018967,2011-01-30 03:05:11.107712
3376,nicole98@example.org,4,50.28,True,2000-05-20 19:47:35.307648,2020-11-24 17:22:33.962904
9508,qdelgado@example.net,5,50.24,False,2000-07-04 18:47:56.298089,2016-11-15 08:29:50.946631
7133,gatesbrittany@example.org,2,72.57,False,2022-11-14 20:29:25.978139,2023-08-25 08:28:21.731291
7833,jasonhughes@example.org,8,61.72,True,1980-03-06 03:02:18.330435,2002-05-28 06:30:47.816712
7327,larry86@example.net,1,28.72,True,1980-02-02 02:36:02.818483,2012-01-23 01:18:20.185081
7128,ricardomoore@example.net,8,49.18,True,1997-05-30 14:42:41.273329,2017-03-16 12:02:06.052649
6906,vburch@example.org,5,48.36,True,2023-09-19 17:24:01.552727,2023-12-17 23:50:42.630640
3921,carolyn11@example.com,8,50.91,True,1992-11-09 04:46:14.845734,2021-04-22 09:18:50.898864
6777,garciakatie@example.org,4,67.01,False,2021-09-29 06:36:36.192399,2022-05-13 22:53:46.965432
2857,earmstrong@example.com,10,1.33,True,1998-10-10 12:54:41.340232,2000-07-08 12:54:15.942450
4988,sheilagomez@example.com,4,3.69,True,1985-07-25 22:43:18.736866,1995-02-20 05:38:34.963145
2435,lance47@example.com,3,3.97,True,2003-11-25 11:22:34.137050,2006-07-07 01:19:04.009363
8401,mark46@example.net,2,64.31,False,1996-09-20 10:38:35.726776,1999-01-23 11:53:03.323594
1802,thomas01@example.com,4,36.51,True,1988-07-02 22:18:37.873217,2011-04-06 09:18:34.353107
3830,paulmacias@example.net,7,74.34,False,1970-11-02 12:41:53.917277,1990-10-22 10:42:19.725613
4336,kathy36@example.org,6,56.8,False,2006-01-01 09:06:49.504369,2019-01-05 12:31:18.998716
5266,cherylcrosby@example.net,7,60.21,False,1972-10-05 08:32:27.121678,2013-09-05 18:14:36.950425
8369,cynthia50@example.com,10,56.79,True,2022-05-26 04:46:52.815695,2022-07-02 14:09:52.373913
8671,mjohnson@example.org,1,99.01,False,1995-12-22 17:50:29.315968,1996-01-15 08:12:38.548272
4806,taylorball@example.com,5,41.53,False,1989-07-13 11:09:45.103725,2001-12-27 18:42:25.425897
6623,james13@example.org,10,52.92,False,2023-09-02 08:37:43.501832,2023-12-26 00:29:36.512067
5111,lbruce@example.com,10,51.65,True,2016-08-09 03:15:11.667898,2017-08-06 11:03:13.897605
1289,aguilarchristina@example.org,6,61.3,True,1982-07-25 00:36:51.781051,1990-11-14 20:14:31.332308
